code_specialite;titre_memoire
AGRAL;Conservation des aubergines (Solanum aethiopica) par séchage
AGRAL;Configuration des processus opérationnels dans l’unité de production du GIC-JGEPROL
AGRAL;Audit  et actualisation des protocoles de nettoyage des équipements de SOGOPROCAM
AGRAL;Évaluation des méthodes d’analyse de  Camlait-Bassa  et détermination de quelques paramètres physico-chimiques du lait.
AGRAL;Conception et dimensionnement de la chaîne de production de boisson aromatisée au lait : cas de GOLDLAIT
AGRAL;Efficacité comparée des désinfectants utilisés pour le nettoyage en place : Cas de CAMLAIT
AGRAL;Mise à jour des sites de production des brasseries du Cameroun, conformément aux standards qualités de la firme Heineken : Cas des usines de Douala
AGRAL;Amélioration du procédé d’extraction de l’huile de poisson de quelques localités de l’Extrême-Nord
AGRAL;Évaluation et maîtrise des pertes incompressibles en soja (graines et jus) sur la chaîne de production de CAMLAIT Ndokoti.
AGRAL;Mise en place d’une organisation rationnelle du système de production à BIOTROPICAL SA
AGRAL;Mise en place d’un plan d’hygiène et HACCP lors de la fabrication des jus vimbo à SOGOPROCAM
AGRAL;Réduction des coûts de non qualité au cours de la production des boissons aromatisées à la Société Golden Product Cameroon
AGRAL;Évaluation  de l’impact de la non-conformité en production de la boisson tampico
EAME;L’impact de l’utilisation de la fumure organique dans la lutte contre la pauvreté en zone cotonnière camerounaise
EAME;Encadrement des OP par la SEMRY, cas de la restructuration des GIC en coopératives rizicoles dans le périmètre de secteur Yagoua
EAME;Structuration des producteurs de niébé et gestion des risques de marché dans le département du Mayo-Sava 
EAME;Contribution du conseil technico-économique au développement des groupements des producteurs et des EFA dans le Département de la Bénoué (Nord-Cameroun)
EAME;Stratégies d’adaptation des exploitations familiales agricoles face aux changements climatiques
EAME;Impact du financement des activités agricoles des OP et amélioration des conditions de vie des membres : cas de Maroua Ier
EAME;Incidence de la filière arachide sur le revenu des producteurs dans la sous-préfecture de Koumogo (Tchad)
EAME;Bénéfice économique d’une jachère améliorée arborée d’Acacia senegalensis dans les exploitations familiales agricoles
EAME;Analyse des résiliences des exploitations familiales agricoles dans les agrosystèmes du Nord : cas de Zéra, Zanguéré, Moho et Sirlawé
EAME;Analyse des performances économiques des exploitations agricoles familiales dans les agrosystèmes du Nord : cas de Mowo, Sirlawé, Sanguéré et Zéra
EAME;Les déterminants de l’adoption de l’innovation par les exploitations agricoles familiales dans l’agrosystème du Nord : cas de Mowo, Sirlawé, Sanguéré et Zéra
PAA;Caractérisation phénotypique des caprins de Guider
PAA;Caractérisation phénotypique des caprins de Mindif
PAA;Influence  de la complémentation alimentaire sur production laitière  et détermination de quelques paramètres  physico-chimiques  des laits  collectés dans la ferme «  Farcha lait » à Njamena
PAA;Effet d’une alimentation enrichie en feuilles du Chromolaena odorata et du Leucaena leucocephala sur les performances de croissance et survie du tilapia
PAA;Performances pondérales des canards
PAA;Présélection des vaches de race Fulani rouge pour la production laitière dans la région de l’Extrême-Nord
PAA;Étude des performances zootechniques des ovins kababich dans la région du Ouadda
PAA;Impact des canaux de pêche sur le pastoralisme dans la plaine d’inondation du Logone (Extrême-Nord, Cameroun)
PAA;Effet de l’incorporation du Moringa oleifira sur les performances de croissance des lapins
PAA;Caractérisation technique et économique de l’élevage des bovins à la station zootechniques de Wakwa
PAA;Étude comparée de la croissance larvaire suite à l’utilisation des hormones de synthèses (suprefact + Motilium) et l’hormone hypophysaire chez Clarias gariepinus
PAA;Évaluation du processus de la préparation des vaches locales à l’insémination artificielle
PAA;Effet de la substitution de la farine de poisson par la farine d’asticot séché sur les performances de croissance des alevins de Clarias garegunis
PAA;Impact de la paille traité à l’urée sur la croissance des ruminants
PAA;Effet de l’amélioration de l’alimentation et performance sur la croissance pondérale chez les cobayes (Cavia porcellus)
PAA;Effet d’une alimentation biphasée sur les performances de production de Cobb500
PV;Évaluation  d’une méthode de lutte biologique sur le rendement du riz dans un agrosystème irrigué dans l’Extrême-Nord, Cameroun
PV;Amélioration de la croissance des plantes de cacaoyer (Theobroma cacao L.) en pépinière par les biofertilisants 
PV;Évaluation génétique de la résistance de trois variétés locales de niébé (Vigna unguiculata) au striga au Cameroun
PV;Étude des performances agro morphologiques de cinq variétés de riz Nérica dans la zone des hautes savanes guinéennes Cameroun et proposition d’amélioration variétale
PV;Développement et application des marqueurs moléculaires pour la mise au point des variétés de niébé (Vigna unguiculata) résistants aux pucerons (A. croccivora)
PV;Rapid propagation of Manihot esculenta using the mini stakes multiplication technic
PV;Diagnostic participatif pour la lutte contre les insectes en champ du niébé : cas des insectes des fleurs
PV;Évaluation de l’effet de 8 fumures organiques sur le développement du poivrier (Piper nigrum) en pépinière
PV;Caractérisation génétiques de la population des lignées F1 et BC1 de trois variétés locales de niébé (Vigna unguiculata) du Cameroun
PV;Vegetative growth Performance of oil palm seedlings, in response to organic and inorganic fertilizer
PV;Évaluation des performances agronomiques des variétés hybrides de maïs issues de l’IITA avec une variété hybride locale dans la zone agro-écologique à Bertoua Est-Cameroun
PV;Collecte et caractérisation des accessions de manioc au Cameroun
PV;Effets de la densité de semis sur les caractères agro-morphologiques de deux variétés de soja (Glycine max (L)) dans les agrosystèmes de Mokolo
PV;Étude génétique de la résistance des fleurs de niébé aux thrips
AGRAL;Performance qualité des bières S.A.B.C : First Time Right (FTR)
AGRAL;Valorisation des sorghos SP (Sorghum bicolor L. Moench) en panification
AGRAL;Ameliorating the organoleptic and rheological properties of NEIMA tomato by use food additives and appropriate operating conditions in SAGRI SA
AGRAL;Conception d’un système d’assurance qualité hygiénique des produits « c’ bon »   et «  bonatura » pour l’obtention de l’agrément du Ministère de la Santé : méthode  HACCP 
AGRAL;Amélioration du suivi des chaînes de production du yaourt « Tino » et des boissons tampico à la First African Company (FAC).
AGRAL;Étude de la mise en place du processus de démarche qualité dans l’usine sahel agro (Maroua, Extrême-Nord, Cameroun)
AGRAL;Effets du stockage sur les caractéristiques physico-chimiques de la farine de maïs au sein de l’usine sahel agro (Maroua, Extrême-Nord Cameroun).
AGRAL;Développement d’un nouveau produit dans une société de charcuterie (MADA) : cas du saucisson à base de viande de poulet
AGRAL;Contribution à la mise en place d’une démarche HACCP dans la structure Manfouo David (MADA) : cas du yaourt à boire
AGRAL;Optimisation de l’utilisation des emballages et évaluation des pertes en emballages dans le conditionnement  du yaourt brassé tino et boisson tampico
AGRAL;Production de biscuit à base de sorgho muskwari
AGRAL;Amélioration et la maîtrise de la coloration des bières 33 export, castel et beaufort. 
AGRAL;La veille et conformité réglementaire de l'unité de production de SAGRI (SOACAM Agro-industries)
AGRAL;Identification, analyse et maîtrise des causes de non qualité de la production de la farine de blé : cas de la SCTB.
AGRAL;Étude de la variabilité de l’acidité du beurre de cacao pendant le stockage
AGRAL;Amélioration de la viabilité de la levure
AGRAL;Influence de la saturation des huiles sur la qualité du savon.
AGRAL;Évaluation des pertes en matière et énergie tout au long de la chêne de production du savon promo2 au CCO.SA et optimisation du rendement
AGRAL;"Contribution à l’élaboration d’un modèle de Bilan CO2 à la Société Anonyme des Brasseries du Cameroun (S.A.B.C) usine de Yaoundé : Évaluation de la production dans les bio-fermenteurs, de la Consommation dans les ateliers de fermentation et de Brassage; et saturation de la bière."
AGRAL;Conception et Dimensionnement d’une ligne de production de jus à deux conditionnements.
AGRAL;Thème: amélioration de la brillance et du ph des bières à la SABC de Bafoussam.
AGRAL;Influence du stockage sur la qualité microbiologique de la farine de maïs produite à l’usine Sahel-agro (Maroua, Extrême-Nord, Cameroun).
AGRAL;Mise en place d'un plan de maîtrise sanitaire en rapport avec les référentielles a l'établissement MADA
AGRAL;Contribution à la mise sur pied d'un système de management de la qualité au CCO selon le référentiel ISO 9001.
AGRAL;Conception, dimensionnement et réalisation d’un  bioréacteur pour  la production de la bière de sorgho « bili-bili».
EAME;Diagnostic de réalisation et d’analyse d’impact socio-économique de l’introduction de la pisciculture et de l’embouche bovine dans les périmètres des rizicoles de la SEMRY: Cas des bassins rizicoles de Yagoua,kai-kai et Maga
EAME;Évaluation de l’épargne rurale et de l’accès au microcrédit sur la solidité financière des agriculteurs dans le Mayo Tsanaga
EAME;Analyse socio-économique de la réhabilitation des mares naturelles dans la plaine inondable du Logone à l'Extrême-Nord du Cameroun : cas des localités  LAHAÏ et ZINA
EAME;Évaluation des sous projet PACA de production animal de la Région de l’Extrême-Nord : Mayo-Danay, Mayo-Kani, Diamaré
EAME;Rôles des organisations agropastorales dans le développement de l’économie du secteur élevage dans le Mayo-kani
EAME;Impact socio-économique du programme ACEFA sur les groupements du Diamaré
EAME;Niveau d’adoption des innovations par les exploitations familiales agricoles dans les agrosystèmes du Nord : Cas des terroirs Sanguéré-Paul et Zéra
EAME;La gestion du crédit agricole et ses enjeux pour l’autonomisation de la femme rurale : cas des femmes mutualistes de la MC2 Bafoussam rural
EAME;Contribution des activités extra-agricole aux revenus des exploitations agricoles familiale
EAME;Impact de la structuration en filière des exploitants agricoles du Diamaré sur l’agriculture familiale
EAME;Catégorisation des exploitations agricoles et systèmes de production de Soja dans le Mayo-Tsanaga
EAME;Impact du conseil collectif sur l’amélioration des revenus des exploitations familiales agricoles membre des organisations paysannes mise en œuvre par ACEFA dans l’arrondissement de Dschang
EAME;Pratique de gestion dans connaissances des organisations paysannes dans le département du Diamaré
EAME;Impact économique du dépérissement en tubercule de manioc au sein des organisations paysannes : cas des bassins de production de Meiganga et de Dir
EAME;Contribution des organisations paysannes pour l’amélioration du rendement agricole
EAME;Analyse de la filière Morelle africaine de Njombé-Pendja : atouts et contraintes au développement
EAME;Contribution aux développements socio-économiques des plants issus des fragments des tiges et comparaison avec autres méthodes de production de semence de bananier et plantain
EAME;Impact du financement du CDD sur les groupements des producteurs dans le Diamaré
EAME;Analyse des risques liés au développement de la filière soja dans le Mayo Tsanaga
EAME;La filière karité et son influence sur le revenu des acteurs : cas des bassins de production des communes de Garoua 3 et Tcheboa Ngong dans la Région du Nord-Cameroun
EAME;Évaluation de l’appui conseil au niveau des groupements de producteurs accompagnés par ACEFA de 2013-2015 dans le département du Mayo-Kani
EAME;Évaluation socio-économique des systèmes d’exploitation familiale de la grande Mifi
EAME;Contribution du financement par fond rotatif sur le revenu des ménages
PAA;Pratiques et stratégies des éleveurs pour l’amélioration de l’aliment du bétail dans le Département du Mayo-Kani : cas des Arrondissements de Mindif, Moulvoudaye et Kaélé.
PAA;Impact de la maladie de Newcastle sur la production de poulet locale : cas de l’Arrondissement de Touloum.
PAA;Caractéristiques socio-économiques et techniques de l’élevage des Petits Ruminants dans le Département du Diamaré (Région de l’extrême-Nord Cameroun).
PAA;Effet de la substitution de la farine de poisson par la farine de sang sur les performances de croissance et de survie des juvéniles de Clarias gariepinus.
PAA;Influence des paramètres physico-chimiques de l’eau sur la production des alevins de Clarias gariepinus : cas de la ferme aquacole du septentrion.
PAA;Évaluation des pertes zootechniques en production porcine : cas de la ferme porcine NOTIKA Bafoussam.
PAA;Caractéristiques bromatologiques des farines de poisson au Cameroun et leurs effets sur les performances zootechniques des poulets de chair.
PAA;Suivi et évaluation des performances techniques d’une ferme avicole.
PAA;Effet de la substitution partielle de la farine de poisson par la farine d’asticot dans l’alimentation des poulets de chair en finition : performances zootechniques, caractéristique de la carcasse, résultat économique.
PAA;Évaluation de l’effet de renouvellement de l’eau sur la survie et la croissance des larves et des alevins de Clarias gariepinus en circuit ouvert : cas de l’écloserie du GIC Aquaculture intégré de l’Ouest.
PAA;Effet du charbon actif des coques de noix de coco sur les performances zootechniques et la qualité de la carcasse des poulets de chair.
PAA;Effet d’incorporation du contenu du rumen séché dans l’alimentation sur les performances des lapins (Oryctogalus cuniculus) en croissance à la ferme de la fondation Bethléem de Mouda.
PAA;Influence de la combinaison d’un phytoadditif (Allium cepa) au 17 alpha nethyl testorne sur la réversion sexuelle et les performances  de croissance et de survie chez Oreochromis niloticus.                                                                                                                                                                                                      
PAA;Performance des ovins Oudah alimenté à partir du son de riz de l’Extrême –Nord Cameroun. 
PAA;Insémination artificielle de Clarias gariepinus et sa gestion au stade larvaire et d’alevinage.
PAA;Caractérisation phénotypiques des porcs locaux et influence de l’alimentation sur leur productivité à Garoua.
PAA;Impacts de la provenance des animaux de boucherie sur la qualité de la viande : cas des abattoirs de la ville de Maroua.
PAA;Effet de l’incorporation de la fane d’arachide dans l’alimentation sur les performances zootechniques des lapins (Oryctogalus cuniculus)en croissance à la ferme de la Cathédrale Notre Dame de Maroua.
PAA;Caractérisation et migration de quelques espèces de poissons durant l’année dans le lac de Maga, des fleuves Logone, Loromé, Logomatya dans la région Extrême-Nord.
PAA;Amélioration des performances des vaches laitières locales par insémination artificielle : contraintes, avantages, inconvénients.
PAA;Organisation et évaluation des paramètres zootechniques d’une ferme porcine : cas de la ferme porcine NOTIKA Bafoussam.
PAA;Étude corrélative entre l’eau de boisson distribuée aux poules et leurs maladies à PROLACAM : cas de la ferme de BALENG II.
PV;Le dépérissement des agrumes dans la région de l'Adamaoua
PV;Problématique d’adoption des variétés NERICA dans les périmètres irrigués du Logone et Chari
PV;Étude de la performance agronomique des nouvelles variétés du coton par rapport à celles qui sont en culture
PV;Optimisation de la densité de repiquage du sorgho (Sorghum bicolor) de saison sèche dans               la région de l’Extrême- Nord Cameroun.
PV;Évaluation de l’incidence des attaques fongiques sur le processus de production des géniteurs de cacao à la station polyvalente de recherche agricole de Nkoemvone
PV;Évaluation  de l’efficacité du programme de protection phytosanitaire contre  les ravageurs du cotonnier  au Cameroun. 
PV;Essai d'introduction et d'évaluation variétale de quinoa 
PV;Évaluation de l’aptitude au bouturage de 4 géniteur de cacaoyer (snk16.ics46.up a 143.t79/501) par variation du type de bouture de l’emploi de différente dose d’une hormone rhizogène au spran/fodecc de Nkoemvone
PV;L’impact de la cendre des feuilles de neem  sur la croissance de trois variétés de sorgho (variété locale, S 34, CS 54).
PV;Test du comportement du soja(Glycine max) à un apport de chaux sur sol acide dans la localité de Mangoun à Foumbot
PV;Effet des dates de semis sur le rendement de cinq (05) variétés d’ haricot commun (Phaseolus vulgaris) nouvellement introduites dans la localité de Njombé
PV;Adaptabilité de cinq (05) variétés d’ haricot commun (Phaseolus vulgaris) dans la localité de Njombé
PV;Influence de la date de semis et de repiquage sur la production d'oignon dans le Diamaré
PV;Adaptabilité de six variétés de haricot volubille à l’Extrême-Nord
PV;Effet de la fertilisation des résidus agricoles sur la croissance et le rendement du mil
PV;Caractérisation phénotypique de Faidherbia albida en zone Soudano-Sahélienne du Cameroun
PV;Effet des différents types de fertilisation sur le rendement du sorgho dans la zone Sud-Ouest de la Bénoué région du Nord-Cameroun
PV;Évaluation de l’effet de quelques fongicides sur pestalotiopsis microspora, agent causal de la maladie des feuilles d’hévéa dans la région du Sud-Ouest Cameroun
PV;Évaluation de l'incidence de la Mosaïque Africaine de Manioc sur deux variétés de manioc en association avec le maïs dans la région du centre Cameroun
PV;Caractérisation agro-morphologique de quelques variétés de haricot nain (Phaseolus vulgaris) dans la région de l'Extrême-Nord Cameroun
PV;Test de pathogénicité et d’agressivité de quelques souches de Fusarium oxysporum prélavées des palmiers à huile de la CDC
PV;Impact des pratiques culturales sur l’évolution du carbone organique des sols: Cas des localités de Meskine et Guyring (Maroua, Extrême-Nord Cameroun)
PV;Effet des divers traitements auxiniques sur le comportement du cacaoyer multiplié par la technique de bouturage direct sous tunnel plastique
AGRAL;Contribution à la maîtrise des causes de non-conformité de ph des bières finies à la SABC de Garoua
AGRAL;Preparation and quality evaluation of non-alcoholic sorghum malt drink
AGRAL;Production de la farine de sevrage a base du sorgho malte et détermination des paramètres physicochimiques
AGRAL;Production de la farine de manioc et introduction comme farine de substitution en boulangerie à N’Djamena (Tchad) 
AGRAL;Conservation de stock des céréales dans les entrepôts des tailles moyennes, le cas de l’office national de sécurité alimentaire (ONASA) de N’Djamena
AGRAL;Conception et dimensionnement d’un four solaire pour la fabrication du pain et biscuit à base de sorgho
AGRAL;Déficit des fonctionnalités équipement de régulation des paramètres de séchage et impact sur la chaîne de production
AGRAL;Caractérisation physico-chimique et nutritionnelle des biscuits produits à base des farines composites amande de mangue (Mangifera indica) – blé
AGRAL;Influence de l’élimination des anti-nutriments des amandes de mangues sur les leurs propriétés physico-chimiques et fonctionnelles
AGRAL;Caractérisation nutritionnelle d’un biscuit de riz enrichi à la pulpe de baobab
AGRAL;Valorisation des sous-produits de la transformation du manioc en amidon dans la production de la farine pour diabétiques à la STM
AGRAL;Réduction du rassissement du pain en utilisant les farines d’amandes de mangues (Mangifera indica) et les paramètres de procédé de fabrication du pain
AGRAL;Influence des améliorants sur la rhéologie de la pâte à pain et impact sur la panification
AGRAL;Suivi, maîtrise opérationnelle et proposition des solutions pour l’amélioration des performances environnementales de la SOCAPALM de Nkapa
AGRAL;Amélioration de la qualité des yaourts par la maîtrise statistique des procédés à CAMLAIT.SA
AGRAL;Amélioration et maîtrise des freintes de bières en caves à la SABC de Garoua
AGRAL;Suivi et évaluation de la qualité et sécurité sanitaire des denrées alimentaires : cas de l’élimination des contaminants dans le raffinage de l’huile de palme
AGRAL;Production de saucisson de poisson substituée au bœuf dénommé « saucisson MADA »
AGRAL;Formulation et caractérisation de 3 pains de mie fonctionnels au son de maïs, sorgho et riz
AGRAL;Optimisation de la capacité journalière de raffinage d’huile de palme brute soruor au sein de la Soproicam.
AGRAL;Extraction des protéines de soja (glycine max) et production artisanale de jambon de soja à IAO
AGRAL;Optimisation de la chaîne de production de laiterie de CAMLAIT / Usine de Bassa
EAME;Appui conseil et la professionnalisation des organisations paysannes : cas des organisations paysannes accompagnées par le programme ACEFA dans l’arrondissement de Maroua 1er, 2e  et 3e
EAME;Analyse de la pertinence du financement ACEFA et évaluation de ses effets sur les groupements de producteurs dans le département du Mayo-Kani Extrême-Nord Cameroun
EAME;Impact socio-économique des crédits agro-pastoraux  sur les bénéficiaires en zone rurale : cas de l'UCEC-CDD
EAME;Évaluation socio-économique des EFA de l’observatoire du programme ACEFA dans le cadre de l’appui conseil : cas de quelques arrondissements du Diamaré
EAME;Contribution du système cotonnier aux revenus des exploitations familiales
EAME;Analyse de la rentabilité au sein  des organisations des producteurs agropastoraux dans le Mayo-Kani : cas des coopératives
EAME;Approches d’assistance aux populations en situation d’urgence et de protection sociale : cas du transfert monétaires 
EAME;Évaluation de la contribution du revenu des cultures maraîchères dans le développement des exploitations familiales agropastorales
EAME;Analyse du système de commercialisation du fourrage dans le sahel du Cameroun : cas de la ville de Maroua
EAME;Rentabilité des exploitations familiales agricoles dans les agro systèmes du Nord : cas des localités de Sanguere-Paul, Zera, Sirlawe et mowo
EAME;Analyse des performances technico-économiques des exploitations maraîchères : cas de la tomate dans le Diamaré 
EAME;Étude de l’acceptabilité de la technique de culture hors sol : cas de la production de laitue
EAME;Essai  d’analyse de l’impact du microcrédit sur la pauvreté : cas des MC2 parrainées par Afriland first bank
EAME;Analyse de la filière niébé dans la région de l’Extrême-Nord
EAME;Contribution du BELACD-CARITAS LAI dans la mise en œuvre du projet sécurité alimentaire pour un développement socio-économique de la tandjilé (TCHAD) : cas de la riziculture de contre saison
EAME;Importance du conseil agricole dans l’accompagnement des organisations paysannes pour la lutte contre l’insécurité alimentaire dans la région de l’Extrême-Nord du Cameroun : cas de la commune de Mokolo
EAME;Évaluation de la contribution de l’appui financier au niveau des groupements de producteurs accompagnés par le programme au développement des emplois ruraux
EAME;Contribution du conseil technico-économique au développement des groupements  de producteurs : cas du département de la Benoué
EAME;Évaluation des effets de l’appui conseil au sein des groupements des producteurs agricoles du Diamaré : cas du programme ACEFA
EAME;Evaluating the effects of ACEFA's financial support on the activities of farmers organizations in the Diamaré
EAME;Évaluation du conseil agricole dans le développement des activités économiques des exploitations familiales agropastorales : cas de l’observatoire du programme ACEFA
EAME;Étude comparative de la rentabilité socio-économique des filières soja et souchet dans le Nord Cameroun : cas de la partie Sud-Ouest du département de la Benoué.
EAME;Évaluation des appuis promus par le programme d’appui aux PME agricoles et agroalimentaires (PMEAA) dans la région de l’Ouest Cameroun 
PV;Résistance à la rouille et performance de quelques variétés de soja sur sol amandé aux feuilles de Tithonia diversifolia
PV;Évaluation de la résistance à la sécheresse d’un hybride mutant de niébé 
PV;Evaluation of the effet to pre-treatement techniques on the germination of oil palm seeds
PV;Effet de la fertilisation organique sur la croissance et le rendement de la tomate sur les sols de Maroua
PV;Évaluation de l’effet des biopesticides sur les maladies et ravageurs de la tomate : cas de l’urine de vache et l’extrait du neem  
PV;Effet du tallage aérien de 12 variétés du sorgho repiqué dans la région de l’Extreme-Nord 
PV;Étude de l’effet du compost à base de jathropha  curcas et la fertilisation minérale sur les performances agronomique et le rendement du gombo à kismatari Nord-Cameroun 
PV;Évaluation du pouvoir germinatif de la morelle africaine dans la localité de Njombé
PV;Evaluation of the rooting capacity of cocoa hybrids dissiminated in the 5th agro ecological zone of Cameroon
PV;Caractérisation morphologique du poivrier dans les régions du Centre et du Littoral au Cameroun
PV;Effet des prétraitements sur la croissance initiale de six provenances de Faidherbia albida de la zone soudano-sahélienne du Cameroun
PV;Étude comparative de la fertilité du sol par un apport de fumure organique, de champignons mycorhiziens et d’engrais minéraux pour les cultures maraîchères : cas de la pastèque à FOMAKAP.
PV;Réponse de la tomate à la fertilisation chimique, organique et biologique dans la région de l’Extrême-Nord 
PV;Évaluation de l’effet de la densité sur le rendement de deux types d’ail dans la région de l’Extrême-Nord- Cameroun 
PV;Diversité des insectes ravageurs de la pastèque et quelques méthodes de protection pratiquées à Yagoua 
PV;Étude de la diversité génétique de la population du Niébé par les marqueurs microsatellites
PV;Évaluation de l’effet des engrais minéraux sur les paramètres de croissance, de développement et de rendement de la culture d’ail dans la localité de Maroua
PV;Adaptabilité de trois variétés de riz en saison chaude pour une combinaison optimale densité de semi-dose d’engrais dans le Département du Mayo-Louti
PV;Évaluation de la production et de la résistance au bio-agresseur des riz Nerica 3 et IR 46 dans l’agroécosystème de Maroua 
PAA;Valorisation de la drèche de bil-bil et de l’effluent de harki comme complément à l’embouche des ovins dans la ville de Maroua. 
PAA;Effet de la supplémentation des drêches de bil-bil et d’azardirachta indica sur les performances de croissance des lapins dans la région de l’extrême-nord. 
PAA;Effet de la substitution du maïs par la drèche des brasseries dans l’alimentation des poulets de chairs.
PAA;Evaluation de l’effet des résidus de récolte sur la croissance des ovins : cas des fanes d’arachides.
PAA;Effet de l’urée sur l’amélioration de la production laitière  des vaches Simgouds au ranch de la SODEPA Faro et Deo.
PAA;Étude comparative des aliments d’intrants locaux (son de mil, tourteau de coton) et des aliments artificiels avec la fertilisation organique (fiente de poules pondeuses) sur les performances zootechniques de tilapia.
PAA;Essai de substitution du tourteau de coton par les feuilles de  zizyphus mauritiana enrichi à l’urée pour l’engraissement des caprins  dans la région de l’Extrême-Nord Cameroun. 
PAA;Incubateur et productivité des poules villageoises : cas de la ferme agropastorale de Foullouwayna  du CODAS CARITAS de Yagoua.  
PAA;Essai de substitution du maïs par le sorgho CS 54 germé dans la l’alimentation des poulets de chairs. 
PAA;Effet de la substitution partielle de la farine de maïs par la farine de cabosse de cacao sur les performances de croissances et de survie des alevins de Cyprinus carpio.
PAA;Evaluation des performances du sorgho Mandjéri dans l’alimentation des poulets de chairs.  
PAA;Valorisation des sous-produits agricoles dans la pisciculture dans le Département de la VINA.
PAA;Effet de la densité sur les performances des larves de la carpe commune en système hors sol, fertilisé à la fiente de poule et supplémenté à l’aliment artificiel. 
PAA;Influence des médicaments utilisés en prophylaxie sur les paramètres zootechniques et sur la santé des Lapins : cas de la ferme expérimentale de Nkolbisson.
PAA;Influence de l’alimentation (bale du riz, son de maïs et tourteau du coton) sur la production laitière à Maroua- Cameroun. 
PAA;Étude de la production laitière des vaches dans les zones périurbaine de N’Djamena. 
PAA;Enquête épidémiologique de la brucellose dans la région de l’Ouest cas de l’arrondissement de Koutaba.
PAA;Reproduction des clarias
PAA;Pasture resources in PETE sub division of the Far-North Region of Cameroon.
PAA;Effet compares de incorporation de deux fourrages : Azadirachta indica et Arachis hypogaea sur les performances de reproduction des lapines et de la viabilité des lapereaux dans une ferme cunicole du département du Diamaré. 
PAA;Élevage des petits ruminants et circuits de commercialisation de la viande des petits ruminants dans l’arrondissement de Maroua II.
PAA;Effet de l’incorporation des épluchures de concombre sur les performances de croissance des lapereaux après sevrage.
AGRAL;Innovation locale : utilisation du « kanwa » (sel gemme) pour réduire le goût amer du chocolat
AGRAL;Formulation du concentré sucré du lait de soja
AGRAL;Transformation de la mélasse en produits de la distillerie
AGRAL;Influence de la matière première et du procédé sur la qualité hygiénique et sensorielle du « kilishi »
AGRAL;Amélioration du rendement de la matière grasse des graines de coton à l'extraction et analyse des pertes raffinerie.
AGRAL;Évaluation des apports nutritionnels et accès des aliments par les enfants de 6-59mois dans les familles dans le camp des réfugiés de Minawawo.
AGRAL;Management des risques qualité organoleptiques de la bière
AGRAL;Amélioration du fonctionnement de la station Cleaning In Place (CIP) automatique en salle de brassage 
AGRAL;Valorisation des balles de riz (Oryzasativa) par la fabrication briquettes combustibles en vue de l’étuvage du riz 
AGRAL;Étude de l’origine de pourritures des tubercules des pommes de terre (Solanum tuberosum) et proposition d’une méthode de conservation : cas de coop CA Babajou
AGRAL;Maîtrise de la qualité microbiologique de la bière en filtration
EAME;Structuration des organisations féminines transformatrices de Karité : cas Belacd-caritas  de SARH au Tchad
EAME;Autonomisation des personnes vulnérables à travers l’agriculture
EAME;Impact de l'approche HIMO sur la réduction de la pauvreté dans les zones bénéficiaire. Cas de Wina et de Gobo
EAME;Analyse de la chaîne de valeur de l’oignon dans le bassin de production de Doumourou dans le Département du Mayo-Kani Région de l’Extrême-Nord
EAME;Analyse des performances technico économiques des exploitations familiales agricoles dans le département de Mayo Tsanaga Extrême-Nord Cameroun accompagnées par le comité  diocésain de développement
EAME;Impact de la certification sur les performances des systèmes Agroforsterie à base de Cacao (SAFC) traditionnels au centre Cameroun
EAME;Autonomisation des producteurs du département de la Bénoué (Garoua) par la pratique du warrantage
EAME;Retombées socio-économiques de la modernisation de la filière Neem dans la localité de Maroua
PV;Test d’adaptabilité  de quelques  variétés de niebé dans la localité Mayo Meessala
PV;Inventaire des syrphidea (Diptère) en rapport avec les ressources florales dans la zone agricole de Meskine (Extrême-Nord Cameroun)
PV;Impact des biopesticides sur les cultures maraîchères
PV;Impact du calendrier de culture sur le rendement du riz (oryzasatva)
PV;Vegetative Propagation By Cuttings Of Selected Clones Of Robusta Coffee(Coffeacanephora) In Different Rooting Substrates
PV;Évaluation agronomique de 4 variétés de sésame introduite en zone  soudano sahelienne
PV;Effet du poids de la graine et du niveau de fertilisation sur la croissance de l’anacardier
PV;Faisabilité de la culture des Sorghos pluviales en contre saison dans la zone soudano sahélienne: Cas de Maroua
PV;Étude de l'activité biopesticide des extraits poudreux des plantes dans la conservation du niébé (Vigna unguiculata ) dans la région de l'Extrême-Nord Cameroun
PV;Performance agronomique de la culture de la laitue en pot fertilisé aux extraits organiques
PV;Effet de trois modes de prélèvement des semences à l’épi sur la croissance et le rendement d’une variété de de maïs (Zea mays l.)  dans le littoral Cameroun : IRAD de Njombé
PV;Répercussions des visites florales d’insectes sur la pollinisation et les rendements d’Abelmoschus esculentus (Malvaceae) à Nkolbisson (Yaoundé, Cameroun)
PV;Adaptabilité agromorphologique  de  5 variétés d’oignons de saisons pluvieuse dans la zone soudano-sahélienne de l’Extrême-Nord Cameroun
PV;Réponse a la croissance et au rendement de trois variétés du haricot vert  soumises à trois itinéraire techniques (14 23 14 ,7 18 30, 14-23-14+ solupotasse) sur un andosol à l’ouest Cameroun : cas de la localité de Foumbot
PV;Impact des types de fertilisants : chimiques,  organiques et biologiques et des modes d'approvisionnement  en eau sur 5 variétés de pommes de terre. Cas de Maroua, Extrême-Nord.
PAA;Effet de la substitution dans la ration alimentaire du maïs par les épluchures de patate (Ipomoea batatas) sur les performances de reproduction des lapines (Oryctalagus cuniculus domesticus) en zone soudano-sahélienne.
PAA;substitution du maïs par le mil rouge dans l’alimentation des poulets de chair
PAA;Performances de croissance des chèvres du sahel supplémentés avec du fourrage ligneux
PAA;Étude comparée de l’effet  de différents taux de supplémentation des asticots vivants sur les performances zootechniques des alevins du poisson-chat africain, Clarias gariepinnus (Burchell, 1822)
PAA;Substitution du tourteau de soja  par la farine de niébé blanc dans l’alimentation des poulets de chair.
PAA;Étude comparative de deux types  d'aliments (tourteaux de sésame et pelure de patates) sur les performances zootechnique des lapins après le sevrage
PAA;Effet de la substitution du son de maïs par les drêches de bili-bili (séchées) sur les performances de croissance des mouton dans la ferme ovine de SCOOPSIPOMA
PAA;Effet de la farine de luzerne supplée à l’aliment des lapines allaitantes sur la croissance des lapereaux
PAA;The comperative study of the effect of 2 rations :Bidens pilosa(Black jack)and Cynodon dactylon(Bahama grass)on the zootechnical performances and Carcass characteristics of fattened goats
PAA;Évaluation du taux d'éclosablilité et qualité du poussin d’un jour dans la ferme NGV/TRACO
PAA;Effet de trois rations à base de banane sur la croissance des jeunes porcs en zone côtière
PAA;le parasitisme d'Apis mellifera et son effet sur la production de miel
PAA;"Étude comparative  des rations supplémentées aux plantes tropicales (Azatirata indica ; Ipomea pes caprae ; Manguifera indica) comme fourrage afin d’améliorer les performances de croissance des lapereaux (Oryctolagus cuniculus) dans une ferme cunicole de Maroua. "
PAA;Évaluation de la pression vectorielle dans les pâturages et les stratégies de lutte anti vectorielle mise en œuvre par les éleveurs dans l’arrondissement de Pétté, Extrême-nord Cameroun
PAA;Effets comparés de l'hormone synthétique (OVAPRIM) et de l'hormone biologique (hypophyse)sur les performances de la reproduction de Clarias gariepinus.
PAA;Phenotypic (Physical And Morphometic) Characterisation Of Indegenous Pig Breeds In Three Regions Of Cameroon (Centre, Far North And West Regions).
PAA;Efficacité technico-économique d’embouche à base des sous-produits agro-industriels : cas du coton
PV;Effet des fertilisants organiques sur le mode de propagation (semi et bouturage) d’Artemisia annua en pépinière et en champ
PV;effets des substrats et les modes de semis sur la croissance et le développement duS dans la culture du sorgho
PAA;Essai d'alimentation à base de Piliostigma Thonningii et de Faidherbia albida en système intensif d'embouche bovine dans la zone sub-humide et semi-aride du Cameroun
PV;Évaluation du potentiel fixateur d’azote de dix (10) accessions d’arachide (Arachis hypogaea) dans la Région de l’Extrême-Nord Cameroun
PV;Effet des milieux de cultures sur les paramètres bio morphologiques de  Fusarium oxysporum sp de niébé et leur pathogénicité
EAME;Résiliation des producteurs agricoles et enjeu économique : cas du département de Mayo Sava
PV;Test d’efficacité  de cinq (05) extraits de plantes pour la lutte contre certains ravageurs du sorgho ( Sorghum bicolor)
PAA;Effet de la substitution de la farine de poisson par la farine d’asticots sur les performances zootechniques de croissance des poulets de la race Brahma.
EAME;Analyse de la performance technico-economique des producteurs des carottes dans le Département du Diamaré
PAA;Effets de la farine d’asticots sur les performances Zootechniques de Clarias
PV;Évaluation des effets de deux hormones sur le greffage du cacaoyer (Theobroma cacao l) dans la localité de Nkoemvome ( Sud Cameroun)
PV;Évaluation du potentiel  d’un inoculum rhizobium commercial par rapport  à l’efficiente symbiotique  sur 02 espèces de légumineuses (Vigna unguiculata et Glycine max)
PV;Diversité des fusarium spp responsables de la fusariose du Striga chez le sorgho (Pennisetum glaucum)  à l’Extrême-Nord Cameroun
AGRAL;Conservation de la carotte (Daucuscarota) à travers deux techniques : le séchage et le saumurage
AGRAL;Exploitation des pelures de manioc et élimination du cyanure par des techniques endogènes
PAA;Effet de la farine d’asticot sur les performances zootechnique du lapin
PV;Adaptabilité de 08 lignées de riz irrigués en réponse avec les différentes doses de NPK dans le bassin de production de Lagdo.
PV;Effet d'un biofertilisant associé au thé de compost sur la croissance et le rendement de gombo dans la zone péri-urbaine de Maroua( Extrême- Nord, Cameroun)
EAME;Évaluation des productivités des facteurs contraignants à la production des bulbes d’oignons dans la Région de l’Extrême-Nord
PV;Évaluation des effets des biopesticides produit à base d’un extrait aqueux de piment, tabac et leurs effets combines contre les pucerons du gombo (Abelmoschus esculentus) dans l’Extrême-Nord localité de zala
PV;Test de Fertilisation à base de l’urine humaine (comparaison avec les autres fertilisants : fientes de poules et engrais chimique) : Cas du maïs (Zea mays)
PAA;Évaluation des performances zootechniques des actifs productifs et amélioration de la résilience des ménages vulnérables dans le Département du Mayo-Kani
AGRAL;substitution du cocktail d’épices par les huiles essentielles dans le procédé de fabrication du Kilishi et du Kilishi en farce
PV;Étude de l'activité phytohormonale (auxine et cytokinine) et l'effet du substrat sur le bouturage de Artemisia annua
PAA;Production des asticots dans localité de Maroua : étude de quelques facteurs d’influence
AGRAL;Évaluation de la qualité hygiénique et nutritionnelle du lait cru utilisé par la SOTRALAIT SA Maroua
PV;Adaptabilité de six variétés de tomates par la technique de bouturage
EAME;Niveau d’appropriation des outils de gestion et performances des  EFA de l’observatoire
PAA;Essaie de capture, transfert et élevage des colonies d’abeilles du genre apis Mellifera adensoni pour la production du miel de qualité dans la zone périurbaine de Maroua (Extrême Nord Cameroun)
EAME;Caractérisation des EFAs de l’observatoire et enjeux économiques de leur exploitation
PV;Évaluation de l'effet du substrat sur la levée et la croissance de l'igname (Dioscorea rotundata spp) en miniset
PV;Évaluation de l'effet des fertilisants minéraux et des fertilisants organiques sur la productivité du maïs dans la localité de Njombé
EAME;Efficacité économique et rentabilité financière des unîtes de production de tomate dans le département de Diamaré
AGRAL;Production d’un vin blanc d’anacardier
EAME;Modèle de consommation alimentaire des ménages ruraux et sécurité alimentaire
PV;Effets des substrats, des hormones et la provenance sur  l’enracinement de poivrier (Piper nigrum.L)
PV;Pratiques innovantes pour  la lutte contre les ravageurs du cacaoyer dans la localité de MFomo
PV;criblage des variétés de sorgho pluvial (Sorghum bicolor) a doubles usages contre Striga hermonthica
AGRAL;Évaluation de la qualité microbiologique et nutritionnelle des produits laitiers (yaourt, beurre, fromages, crème glacée)
PV;Étude comparative de deux méthodes d’aménagement des parcelles agricoles : méthode classique (ancienne) et la méthode nouvelle.
GEHY;Dimensionnement hydraulique des ouvrages des ouvrages d’art (cas des dalots sur les Mayo) de la route Makalingai-Tokombéré dans a région de l’extrême Nord.
GEHY;Étude technique et financière de la réhabilitation du réseau d’alimentation en eau potable et d’évaluation des eaux usées de la CNRPH de Yaoundé.
GEHY;Étude hydrologique et hydraulique des ouvrages de franchissement et longitudinaux sur la route Maroua-Mora.
GEHY;Études spécifiques des travaux de construction des drains principaux dans la ville de Maroua : cas des quartiers Pitoiré et Doursoungo.
GEHY;Étude de faisabilité pour la réalisation d’un système d’approvisionnement en eau potable simplifiée (AEPS) et gestion des eaux de pluie dans les projets d’aménagement : cas des cent (100) logements sociaux de Maroua.
GEHY;Études hydrologiques et hydrauliques des ouvrages de franchissement dans la ville de Maroua : cas de deuxième pont Makabai sur le Mayo Tsanaga.
GEHY;Contribution à l’amélioration du réseau d’alimentation en eau potable de la ville de Maroua.
GEHY;Conception du système d’assainissement en eau potable en vue d’améliorer les conditions d’accès à l’eau potable dans la commune de Koutaba : cas des villages Koumenke.
GEHY;Évaluation du système d’irrigation goutte à goutte de la culture de tomate : cas de la ferme agropastorale de Foulouwayna à Yagoua.
GEHY;Diagnostic du réseau existant et optimisation de la gestion de l’eau dans les périmètres rizicoles de la SEMRY : cas du casier III du périmètre de la SP 21.
GEHY;Études diagnostic et amélioration d’un système d’approvisionnement en eau potable dans l’arrondissement de Koutaba : cas des villages Didango, Koumelap, Koutaba, Leposerie, Ngoundoup, Koundja.
GEHY;Aménagement d’un périmètre irrigué pour la culture de banane plantain dans la localité de Njombé-Penja.
GEHY;Dimensionnement d’un réseau d’AEP couplé au système d’informations géographiques : cas du tronçon Nkometou-Soa sur le projet paepys
GEHY;Caractérisation hydrologique des sites potentiels pour la construction des barrages de retenue d’eau dans la région de l’Extrême Nord.
GESE;Risques sanitaires et environnementaux liés à la pratique de la riziculture dans la localité de Pouss(Extrême Nord Cameroun).
GESE;Route et prévention contre les effets néfastes de l’eau (projet de réhabilitation de la route bitumée Maroua-Mora).
GESE;Accès à l’eau potable, à l’assainissement en milieu rural des points d’eau : cas de la commune de Kar-Hay.
GESE;Assessment of the bacteriological quality of drinking water in Limbe and it’s heath impact case study: spring and boreholes.
GESE;Étude hydrologique et dimensionnement hydraulique d’un ouvrage de franchissement sur la route Yaoundé – Kribi : Olama – Bingambo (108km).
GESE;Le lac municipal d’Ebolowa, un réservoir parasitaire à risque pour la santé humaine et environnementale.
GESE;Bio-évaluation de l’eau des rizières de la localité de Pouss (Extrême-Nord, Cameroun) en vue de la pratique rizipisculture.
GESE;Analyse de l’offre et de la demande des services d’assainissement liquide dans la région de l’extrême Nord (cas de Mokolo).
GESE;Risques environnementaux et sanitaires liés à la gestion des déchets hospitaliers : cas de l’hôpital de district d’Akonolinga
GESE;Techniques d’approche IECCC pour l’amélioration de l’environnement sanitaire et humain des populations du Mayo Kaliao, arrondissement de Maroua 1er : cas du quartier Pitoaré. IECCC : Information, Education, Communication pour le Changement de Comportement
GESE;Évaluation physico-chimique et bactériologique des eaux de boisson du quartier Nkomo.
GESE;Concentration, biodisponibilité et évaluation du niveau de risque lié aux métaux lourds dans le lac Maga, Extrème-Nord Cameroun.
GESE;Recherche des métaux lourds dans les poisons des canaux rizicoles de Pouss.
GESE;Proposition d’un système d’assainissement liquide pour les logements sociaux de Beka Matari de la ville Ngaoundéré Région de l’Adamaouaa .
GESE;Qualité physico-chimique des eaux du lac Maga(EN) et évolution des risques pour la santé liés aux protistes Giardia et Cryptosporidium.
GESE;Approvisionnement en eau potable et assainissement en milieu rural pour un développement durable.
GESE;Étude diagnostique des pratiques d’hygiène et assainissement, et estimation de risque sanitaire dans la ville de MAROUA : cas des quartiers Doualaré et Pont-Vert.
Climatologie;Distribution of Lighting Strikes in Cameroon using Earth Networks System from April to July 2021
Climatologie;Performance des modèles numériques dans la simulation des précipitations à l’échelle intra-saisonnières au Cameroun : application aux événements extrêmes (inondation)
Climatologie;Performance des modèles numériques sur la simulation des précipitations à l’échelle saisonnières en République Démocratique du Congo : application au paludisme
Climatologie;Diffusion des prévisions agro-météorologiques au moyen de l’application  AGROMET
HYDRO;Évaluation des risques et Proposition d’un réseau d’alerte pour la protection contre les inondations du fleuve Logone dans la ville de Ndjamena : cas du 9eme arrondissement de 2000 à 2020
HYDRO;Étude hydrologique des bassins versants de Maroua et Guider pour le dimensionnement en vue de l’implantation des panneaux solaires
Climatologie;Conception d’un logiciel de décodage des messages météorologiques
HYDRO;Évaluation des propriétés hydrauliques des aquifères du socle du bassin versant du Mayo-Tsanaga (Extrême-Nord Cameroun)
Climatologie;Performance des modèles numériques sur la simulation des précipitations à l’échelle saisonnières : cas des événements extrêmes des précipitations sur l’Angola
HYDRO;Impact du changement climatique sur les ressources en eau de surface : cas du Logone à Laï
HYDRO;Évaluation de la productivité de la ressource en eau pour les usages domestiques et agricole dans le bassin versant d’Awout à Messam
HYDRO;Analyse comparée entre les données de la station synoptique automatique et les données de la station synoptique manuelle de l’aéroport international de Garoua
HYDRO;Évaluation des apports en eau et pilotage de l’irrigation sur un Hectare d’aménagement hydro-agricole : Cas du périmètre rizicole de Mansen, arrondissement de Bangourain, département du Noun, Région de l’Ouest Cameroun
HYDRO;Gestion de l’eau de Mare pour l’irrigation dans le Logone et Chari
PEDO;Analyse de la dégradation physique du sol dans les parcelles de l’école technique d’agriculture de Maroua
Climatologie;Performance des modèles numériques sur la simulation des précipitations à l’échelle saisonnières : application à l’agriculture
Climatologie;Conception d’un appareil de mesure automatique du niveau des eaux souterraines
HYDRO;Approvisionnement Durable en Eau Potable Simplifiée : Soulédé-Roua
CMET;Traits caractéristiques des saisons sèches et humides du site aéroportuaire de Yaoundé-Nsimalen.
CMET;la croissance économique au Cameroun face aux variabilités climatiques observées au cours de la période 2009-2021       
CMET;Épaisseur des couches (925-850hpa), (850-700) et type de temps associé à la station de Garoua durant la période avril-juillet.
CMET;Variabilité intra saisonnier des précipitations dans la ville de Douala : cas d’étude du mois d’Août 
CMET;Inondations du 12 Août et du 1er septembre 2021 sur la ville de Douala : Variabilités des paramètres clés 
CMET;Conception d’un système de collecte de données pluviométriques 
CMET;cisaillement du vent à l’aéroport de Garoua durant la période avril-juillet
CMET;Les paramètres prédicteurs des précipitations dans la ville de Yaoundé
CMET;Time series analysis of cumulonimbus clouds on Nsimalen-Yaounde. case study: the month of October
CMET;Essai de caractérisation des pluies enregistrées à la station de Yaoundé-Nsimalen durant l’année 2020
CMET;Evolution de la température dans la ville de Garoua de 1991 à Août 2021
CMET;Analyses of the vertical profile of humidity from radiosonde soundings launched from the garoua meteorological station from april to july 2021
CMET;Evolution des températures à Douala durant la Période de 1991 à 2020
CMET;Prévision des systèmes d’acquisition de données pour une météorologie nationale productive au Cameroun
CMET;Droit, collecte, traitement et conservation des données météorologiques au Cameroun
CMET;Analyse horaires et prévision de décollage : cas de l’aérodrome de Yaoundé-Nsimalen
CMET;Étude comparée des conditions thermiques et pluviométriques représentatives du climat actuel dans la ville de Garoua de 1991 à 2020
CMET;Analyse du profil vertical du vent issu des radiosondages à la station de Garoua pendant la période d’avril a juillet 2021
CMET;Étude de la fréquence d’occurrence des phénomènes météorologiques dangereux sources d’incidents aéronautiques à l’aéroport international de Yaounde-Nsimalen
CMET;Caractérisation hydrogéologique des aquifères dans la zone de Tokombéré
GEHY;Dimensionnement d'un bassin de recueillement dans localité de Zina dans la région de l'extrême nord Cameroun
GESE;Place de l'eau de boisson dans la recrudescence des calculs urinaires dans la ville de Maroua (Extrême-Nord, Cameroun
GESE;Étude de la qualité des eaux utilisées à l'Hôpital Régional de Maroua (Extrême-Nord Cameroun
GESE;Analyse situationnelle de l'assainissement dans la commune de Maroua III
GESE;Analyse situationnelle de l'assainissement dans la ville de Maroua Extrême Nord Cameroun : cas de I 'arrondissement de Maroua II
GESE;Conception et dimensionnement d'un forage pastoral alimenté par énergie photovoltaïque : cas de Baiga, arrondissement de Tchatibali
GEHY;Étude hydraulique d’un barrage dans la localité de Touloum.
GEHY;Caractérisation hydrogéophysique et hydrodynamique des aquifères dans l’arrondissement de Ngwei
GEHY;Étude d'impact du climat sur les barrages dans la Région de l'Extrême Nord Cameroun
GEHY;Optimisation d’un réseau de drainage d’une plateforme de poste électrique par procédure multicritérielle : cas du poste 225 kV du barrage de Natchigal
GESE;Contribution à l'amélioration de la gestion des effluents liquides à l'Hôpital Régional de Maroua
GEHY;Étude hydrologique et hydraulique des ouvrages de franchissement dans le cadre du projet de réhabilitation de la route Maroua-Mora : cas du dalot à double section du PK 45+800
GEHY;Identification et prévention des menaces liées au tarissement des mares dans le parc national de Waza
GEHY;Conception et dimensionnement d'un système d'assainissement des eaux usées et pluviales au CNRPH dans le cadre dc la construction des nouveaux bâtiments
GEHY;Conception et modélisation des réseaux hydrauliques dans le bâtiment siège du centre des archives de la Cour Suprême R+7+l SS : Yaoundé Cameroun
GEHY;Dimensionnement d'une digue de ceinture en terre contre les inondations dans la localité de Zina, Département du Logone et Chari, région de l'extrême nord Cameroun.
GEHY;Dimensionnement des ouvrages d'accès et la gestion des eaux à l'intérieur de la digue de protection en terre dans la localité de Zina
GEHY;Dimensionnement d'un système d'alimentation ct d'évacuation d'un bâtiment à usage d'habitation (R+4) Nom II- Yaoundé.
GEHY;Études techniques en vue de la réalisation d'un système d'adduction en eau potable à Dana, Commune de Yagoua, département de Mayo-Danay
GEHY;Diagnostic et proposition d'un réseau d'adduction en eau des étangs piscicoles dans la ferme Agropastorale à Yagoua
GEHY;Conception et dimensionnement du réseau d'alimentation en eau potable : cas de la comme de Ntui
GEHY;Évaluation des rejets liquides et proposition d'un système de réhabilitation de la station d'épuration du cam sic cité verte Yaoundé
GESE;Évaluation des risques sanitaires et environnementaux liés à la défaillance de certains ouvrages d'assainissement à l'hôpital régional de Maroua dans l'Extrême Nord Cameroun
GEHY;Études spécifiques des travaux de constructions des ouvrages de franchissement sur la route de Maroua-Mora : cas des buses sur le tronçon PK 29+506 dans la localité de Mokio
GEHY;Étude diagnostique des ouvrages d'approvisionnement en eau potable et assainissement dans la localité de
GEHY;Diagnostic et conception d'un système d'irrigation par aspersion pour une culture de manioc sur une surface de 1.5ha (cas de l'IRAD de Mbalma o)
GEHY;Étude technique d'aménagement d'un périmètre hydroagricole dans l'arrondissement de Zina : bloc I du sous casier AO de 1215ha
GESE;Étude des risques sanitaires liés aux défécations à l'air libre : cas de la commune de Touloum
GESE;Étude de l'assainissement liquide dans la ville de Maroua : inondations et maladies liées à l'eau.
GEHY;Réalisation d’un forage équipé d’une pompe solaire à usage pastoral et mini-AEPs: cas de l’arrondissement de Guidiguis, localité de Sirlawe.
GEHY;Diagnostic de l’indisponibilité spatiotemporelle de l’eau pour l’élevage dans le canton de Lara : stratégie d’adaptation
GEHY;Dimensionnement d’un réseau d’adduction en eau potable, d’évacuation d’eau usées et pluviales et recyclage des eaux de pluies en vue de leur utilisation dans un bâtiment de type 2 sous-sol R+2 à usage d’habitation.
HYMAE;Réalisation d’un forage à motricité humaine à GASCHIGA
HYMAE;Étude des méthodes de réalisations forations à boue et marteau fond de trou dans la localité de MOKON
GEHY;Analyse et diagnostic des dysfonctionnements des forages réalisés dans la commune de Touloum
GEHY;Contribution à l’entretien et à la sauvegarde d’une mare d’eau artificielle : cas de Djingliya dans la commune de Koza.
GEHY;Dimensionnement d’un système d’irrigation gouttes à gouttes sur un hectare pour la culture du maïs : cas de la ferme semencière de Gazawa.
GEHY;Diagnostic des sources de dysfonctionnements des forages dans le canton de Zouelva.
GEHY;Etude d’un projet de forage pastoral à énergie solaire.
GEHY;Assainissement et drainage d’une mini-cité d’habitation dans la commune de Maroua Ier(Domayo).
GEHY;Réalisation de deux forages équipés de pompe de motricité humaine dans la localité de Magdeme arrondissement de Mora, département de Mayo-Sava, région de l’Extrême-Nord
GEHY;Étude de faisabilité pour la mise en place d’un système d’irrigation alimenté par une pompe solaire : cas de Bizili dans la commune de Touloum.
GEHY;Caractérisation hydrogéologique et hydrodynamique des aquifères dans l’arrondissement de Ndoukoula : cas de la  localité de Loulou et Gawel.
GEHY;Étude de la mise place d’une adduction d’eau potable alimentée par une source d’énergie solaire : cas de la localité de Moutourwa, département de Mayo-Kani, région de l’Extrême-Nord.
GEHY;Système de gestion des points d’eau existants dans la zone septentrionale : cas des communes de Maroua Ier, Maroua II et Maroua III.
GEHY;Étude d’avant-projet de réalisation d’un système d’abreuvoirs alimenté par une pompe solaire : cas du village Aissa-Harde
GESE;Impact socio-sanitaires et environnementaux des déchets liquides dans les mini-cités de Maroua.
GESE;Évaluation de la connaissance, attitude et pratique du personnel soignant pour la prévention des infections nosocomiales à l’hôpital régional de Maroua
GESE;Impacts sanitaires et socio-économiques des inondations sur les habitants de Maroua (cas de Doualaré et Ouro-tchédé).
GESE;Risques sanitaires et impacts écotoxicologiques liés aux déchets solides hospitaliers.
GEHY;Redimensionnement et apport de solution du réseau d’alimentation en eau potable de l’hôpital régional de Maroua
GEHY;Étude diagnostique des forages en vue de leur réhabilitation/transformation en mini-AEP dans la commune de Kaélé.
HYMAE;Étude des méthodes de réalisations forations à boue et marteau fond de trou dans la localité de MOKON
HYMAE;Réalisation d’un forage à motricité humaine à GASCHIGA
EAME;Impact  des   subventions    publics dans l’amélioration des conditions de vie des organisations paysannes : cas de PCP-ACEFA
EAME;Analyse de la compétitivité de la production du riz dans l’arrondissement de kousseri
EAME;Atouts et limites des AVEC (association villageoise d’épargne et de crédit) au sein de la communauté de Mokolo
EAME;Analyse des performances technico-économique des exploitations familiales dans le mayo-tsanaga
EAME;Évaluation technico-économique d’un projet de production de 135 Tonnes de maïs sur une superficie de 45 hectare par les membres du GIC référence de Lainde Daneyel
EAME;Analyse technico-économique de la production paysanne du sorgho sp dans la localité de Mokolo
EAME;Évaluation des quelques paramètres agronomique de la variété rio grand de la tomate sous l’effet des différents éléments fertilisants dans la localité de meskine
EAME;Évaluation de la rentabilité économique des exploitations familiales agropastorales dans le cadre du programme ACEFA :cas de l’arrondissement deNgaounderé I
PV;Effet de la durée en pépinière sur la reprise et le développement de la plante d’anacarde dans la localité de Bogo
PV;Étude comparative des modalités de travail du sol et leurs influences sur le Riz(VAR IR46) : cas d’un périmètre irrigué de Yagoua
PV;Facteur d’échecs et de réussite de la promotion des cultures maraîchère dans la localité de Kismatari-Nord et Biziligasawa-Extrême-Nord
PV;Effets des insectes ravageurs sur la production du riz de la variété nerica 3 en culture pluviale :cas de l’ordre des lepidoptères et des odonates dans l’agrosystème rizicol de Guiring.
PV;Études de l’adaptabilité de trois variétés de tomates dans l’arrondissement de Maroua 1er
PV;Impacts des insectes ravageurs(cas des coléoptères) sur le riz pluvial de variété NIRICA III
PV;Évaluation des connaissances des agriculteurs sur l’usage des pesticides utilisés en cultures maraîchère dans la ville de maroua :cas de Meskine,garde et ziling
PV;Comparaison de l’adaptabilité d’anacard en fonction de provenance dans la localité de Bogo(Extreme-nord Cameroun)
PV;Effets des insectes ravageurs(diptères et orthoptères) sur la production de la variété du riz pluvial nerica 3 dans l’agroécosystème de Diamaré.
PV;Diagnostic de la filière semence maïs.
PV;Étude comparative des 7 lignées F5 du cotonnier issues du programme de sélection 2019/2020, au témoin vulgarisé IRMA Q302 : cas de kodek(Extrême-nord Cameroun
PV;Évaluation du comportement des lignées F7 du cotonnier de série H issues du programme de sélection de la section coton aux variétés témoins vulgarisées IRMA Q302 et IRMA L457 : cas de la zone de kodek(extrême-nord)
PV;Mise en place d’une gestion de lutte contre les ravageurs et nuisibles :cas de l’huilerie de la SODECOTON de Maroua
PV;Effet des insectes ravageurs sur la production du Riz nerica 3 en culture pluviale dans l’agrosystème de Diamaré : cas des hémiptères et hymenopteres
PV;Impacts des extraits aqueux des graines de Neem sur le Physoderma  du maïs 
PV;Caractéristiques agronomiques des trois variétés de pomme de terre dans le bassin de production de Rhumzou(Mayo-Tsanaga)
PV;Epidémiologie du physoderma du maïs et de la pourriture des tiges par Yamagui Rita
PAA;Les mesures de biosécurité dans la ferme porcine de la Fondation Bethléem de Mouda.
PAA;Appétence d’ un Fourrage Vert Cas De Eratica Espera
PAA;Effet de Ipomoea pes-caprae à différente dose sur les paramètres zootechniques du lapin
PAA;Étude des quelque facteurs influencent la réussite de l'insémination artificielle :cas des bovins dans l'arrondissement de ngaoudere 1ere.
AGRAL;Les colorants alimentaires naturelles et leurs utilisations sur les produits laitiers : Essais sur le yaourt brassée et la crème glacée
AGRAL;Essai de formulation de biscuits à base souchets (Cyperus esculentus L.)
AGRAL;Production et caractérisation du jus de Carissa edulis
EAME;Analyse technico-économique de la production soja dans l’arrondissement de Mokolo
EAME;Appui du gramme ACEFA et autonomisation des organisations paysannes dans le département du Logone et Chari :cas de l’arrondissement Logone-Birni, Kousseri et Makary
EAME;Impact socio-économique du conseil offert aux groupements accompagnés par le programme PCP-ACEFA : cas de Makary
EAME;Analyse technico-économique de la production de la tomate dans l’arrondissement de Mokolo :contraintes et stratégie d’acteurs
EAME;Évaluation des membres des organisations de producteurs sur le fonctionnement et le mode de gestion
EAME;Sécurité alimentaire dans l’arrondissement de Maroua 1er : état des lieux et stratégie d’amélioration
EAME;Effets du financement sur les exploitations familiales agropastorales(EFA) : cas des AFA accompagnés par le PCP-ACEFA dans le diamaré
EAME;Évaluation du mécanisme d’octroi du crédit agricole et leur recouvrement à la SODECOTON de Maroua 2
EAME;Analyse de l’impact du COVID-19 et résilience économique : cas de la filière tomate dans le département du Diamaré
EAME;Production du sorgho pluvial : analyse de gestion de la production dans le département du Mayo-Tsanaga : cas du CROPSEC
EAME;Contribution du PRODEL dans la promotion du développement socio-économique des populations démunies du Diamaré :cas de la commune de Maroua 1er
EAME;Diagnostic organisationnel et technique du groupement des producteurs de soja de Mbikem
EAME;Étude technico-économique des organisations paysannes :cas de la scoops de tchoffabani
PV;Étude de l’adaptabilité de 0 accessions de sorgho pluvial dans la zone soudano-sahélienne
PV;Étude comparative de deux variétés du sorgho dans la ferme semencières de Gazawa
PV;Évaluation des performances agronomiques de six accessions de sésame collectées  dans la région  de l’Extrême Nord
EAME;Analyse de la performance économique de la filière Anacarde dans le Département de Diamaré
EAME;Étude de la rentabilité d’une entreprise cas de Ets SOTRALAIT
EAME;Rentabilité d’une ferme : cas de la ferme agropastorale de Foulwayna à Yagoua.
PV;Évaluation de l’efficacité biologique des extraits de plants pour le contrôle de la chenille sur le la culture du sorgho pluvial
PV;Caractérisation Agromaorphologique de 03 cultivars du niébé dans le Département  de Mayo Tsanaga.
PAA;Effet comparé de quelques performances  zootechniques des alévins  élevés en étang fertilisé
PV;Étude comparative des lignées F7 représenté par la série du cotonnier issues du programme de la sélection en année 1 (EVA1)) de la campagne 2020/2021 aux témoins vulgarisés IRMA Q302 et IRMA L457 : cas de Kodek Extrême-Nord Cameroun
PV;La culture du sorgho pluvial dans la localité de Katoual, Ville de Maroua
PV;Effet des dimensions de Trouaison sur la reprise de la croissance de l’Anacarde à You
PV;Caractérisation agromorpholique de 09 accessions de Souchets sous l’effet de la cendre et d’un fertilisant minéral à l’Extrême-Nord
EAME;Professionnalisation des organisations paysannes dans la localité de Koza
PV;Effets de deux de fertilisants chimiques : Uré à 46% d’N et le NPK sur la croissance et développement des bananes dans le bassin versant de TGODJO
PV;Screening des contraintes inhérentes à la production des semences de Niébé dans la frme de multiplication et de production de semence à GAZAWA
EAME;Étude des facteurs déterminants la demande du riz sur le marché (Extrême Nord)
PV;Impact des maladies cryptogamiques sur la culture du Niebé dans la zone de Mokolo
PAA;Essai de formulation d’une ration alimentaire à base d’ingrédients locaux à moindre coûts pour vaches laitières 
AGRAL;Amélioration de l’incubation en cuve en vue de l’optimisation du rendement de la production à SOTRALAIT
PV;Adaptabilité de trois espèces de Baubou pour la restauration des sols dégradés dans la ville Waza
PAA;Influence de la densité et des paramètres physicochimiques de l’eau sur la croissance et la survie des alevind dans la ferme avicole et aquacole du septentrion
AGRAL;Amélioration organoleptique du beurre produit à SOTRALAIT
AGRAL; Amélioration et standardisation des propriétes organoleptiques du yaourt ferme MIRA
EAME;Étude techno-economique de la production d’oignon dans le Département du Diamaré : Cas de Meskine
PAA;Influence de quelques mesure de Biosécurité sur la santé et la qualité du lait de vaches dans l étable de la ferme du Septentrion
AGRAL;Screening  des descripteurs de qualités des peaux et cuirs du déparasitage et du preszchage dans la ville de Maroua
EAME;Analyse des effets socio-econo formation auprès des jeunes et des femmes dans le Département du Diamaré commune de Bogo
PV;Évaluation de l’adaptabilité et caractérisation Agro morphologique de 06 variétés du petit mil dans la zone Soudano sahélienne
PV;Utilisation du Regulateur de croissance sur le cotonnier en milieu paysan dans le secteur SODECOTON
PAA;Capture et suivi des colonies d’abeilles dans les ruches modernes pour la reproduction de miel de qualité dans le bassin versant de Togodjo
PV;Étude comparative  de deux variétés du Niébé pour la résistance aux pucerons dans la région de l’Extrême-Nord
EAME;Évaluation de la rentabilité financière de la production de 09 souchets dans la zone de l’Extrême-Nord
PV;Caractérisation morphologique de cinq noix de cajou sur la germination à Maroua
EAME;Analyse Technoeconomique de la production du sorgho pluvial dans l’arrondissement de Maroua 1er
PV;Effet comparé de quelques pesticides biologiques et chimiques sur les attaques des chenilles légionnaires sur trois variété de maïs dans l’Extrême-Nord Cameroun
PV;Étude de l’utilisation des produits phytosanitaires par les producteurs de maïs dans l’arrondissement de MOKOLO
PAA;Étude des formules alimentaire pour l’embauche bovine
PAA;Mesure de Biosécurité , mise en places dans les fermes avicoles de Wouro
EAME;Étude de rentabilité technoéconomique des unité de stockage d’oignon dans le Département du Diamaré
PAA;Évaluation d’hygiène et biosécurité dans une ferme avicole de centre de formation Agropastoral et informatique de Marza
EAME;Analyse de la chaîne de valeur manioc dans la région de l’Est Cameroun
PV;Effet des engrais NPK et PK sur la croissance du soja dans le Département du Mayo-Tsanaga
PV;Adaptabilité de trois variétés améliorées de manioc à Sanguré
EAME;Évaluation de la méthodologie d’accompagnement des producteurs du coton
EAME;Analyse du niveau de fonctionnement des organisations des producteurs
PV;Étude de l’effet des différentes formulations d’engrais minéraux sur la croissance et le rendement du riz dans les bas-fond de la vallée de la Bénoué
PAA;Effet de la plante Ortie sur les performances de ponte des poules pondeuses
EAME;Amélioration de la productivité et de la rentabilité du coton
EAME;Évaluation de la rentabilité économique de la production d’aubergine dans la localité de BAZZAMA
AGRAL;Renforcement de la résistance à la chaleur et des qualités sensorielles du beurre
PV;Évaluation des performances agromorphologiques de deux variétés locales de morelle noire à Sangmelima
AGRAL;Essai de formulation du Kilishi en farce en vue d’une automatisation du procédé
AGRAL;Essai de caractérisation de cinq procédés de fabrication carnée de consommation directe
PAA;Conduite de l’embouche bovine dans le Département du Diamaré
PV;Effets de la fiente de poule , lisier de porc sur les paramètre de croissance de pif de bananier plantain dans l’arrondissement de MFOU
AGRAL;Fabrication d’un fromage de type Emmental à base de lait de vache Thermise
PAA;La biosécurité dans un élevage de porc
PAA;Substitution  de soja Torrifié par le tourteau de soja dans l’alimentation des poulets chair : Effet sur les performances et sur la rentabilité économique
EAME;Amélioration des performances technico-économiques de la société coopérative simplifiée –Bray des Agroéleveurs de Maroua1er
PV;Fabrication du compost pour rentabiliser la production du sorgho pluvial de la region de l’Extrême- Nord
PAA;Performances de ponte et qualité des œufs des poules babcock brown à base des épulchures de patates douces
PAA;Etat des lieux et condition de Biosécurité dans la ferme avicol AVISIEP
PAA;Formulation d’un aliment poulet de chair de la 5e à la 6è semaine de croissance
EAME;Gestion du magasin de stockage des céréales du GIC fermes dynamique des Agroéleveurs de Kalfou pour améliorer leur revenu
PAA;Effet d’un aliment formulé sur les performances zootechniques des porcelets jusqu’au stade de sevrage dans une ferme porcine à Makabaye
EAME;Amélioration des capacités de gestion d’une coopérative au sein de APDC : Cas de la coppérative des éleveurs des bovins de Tchabatchaba
PV;Effet de l’extrait des feuilles de Neem sur la culture de mais à Gayak
EAME;Étude technique et économique de l’embauche ovine dans le Diamaré
PV;Étude des effets combinés de densité et de dose d’engrais sur les paramètres agronomiques du riz de bas-fond 
PV;Criblage variétale du niébé pour la précocité en zone soudano-sahielienne
EAME;Analyse Technico-économique de la production de la pomme de  terre dans la commune de Mogodé
GC;Dimensionnement de la chaussée et ouvrage de franchissement : cas de route N°1 Maroua –Moro entre pk10-pk20.
GC;Utilisation des matériaux locaux pour une conception intégrée par l’approche d’une architecture bioclimatique : projet de construction d’un centre commercial à Maroua au Cameroun
GC;Architecture écologique valorisation du patrimoine touristique au Cameroun à travers la conception d’un complexe touristique.
GC;Dimensionnement d’une structure de chaussée en béton bitumineux : cas du tronçon du centre hospitalier régional de Maroua long 1.2 km.
GC;Étude comparative entre le BAEL et l’EURO CODE 2. Cas pratique d’un bâtiment de type R+6 à usage d’hôtel  dans la ville de Yaoundé.
GC;Méthodes d’optimisation des travaux de construction et réhabilitation des routes revêtues : cas de construction et  réhabilitation des routes départementales de Garoua-Bénoué en cours de réalisation par l’entreprise croisière BTP.
GC;Étude technique pour la réhabilitation des route : cas des travaux de la voirie urbaine de Maroua lot 2, marché N°0005/M/CUM/CIPM-TR/2018.
GC;Valorisation du patrimoine architectural sahélien : cas de la construction du complexe touristique culturel dans la ville de Maroua.
GC;Conception du bâtiment en appliquant une démarche haute qualité environnementale : cas de projet de conception du marché frontalier a Tourou dans l’arrondissement de Mokolo.
GC;Conception, assainissement et dimensionnement des éléments de structure d’un stade annexe de football dans la ville de Maroua.
GC;Conception et dimensionnement d’un pont mixte acier-béton : cas du pont mayo Pintchoumba
GC;Étude de faisabilité d’un projet de génie civil : cas de la construction d’un centre commerciale au marché abattoir de Maroua.
GC;Conception et dimensionnement de la structure des bâtiments d’une résidence pour citer estudiantine dans la ville de Maroua sis à Zokok ladéo
GC;Architecture verte- architecture écologique : conception d’un complexe touristique dans la ville de Maroua.
GC;Projet de construction de la route Maroua –Bogo entre le pk15+000-pk18+000
GC;Étude de faisabilité technique et socio-environnementale du projet de construction du marché frontalier d’AMCHIDE, commune de kolofata, département du mayo Sava, région de l’extrême nord
GC;Conception et dimensionnement d’un bloc des logements sociaux dans la ville de Bafia.
GC;Conception des bâtiments  autonomes dans le cadre de la protection de l’environnement et de l’économie de l’énergie : cas des régions désertique.
GC;Conception et analyse des structures : cas d’un immeuble à usage multimédia et sportif (R+2) sis à Ndjamena.
GC;Étude technique en vue de la construction d’une route de longueur 2.9 km à  Garoua projet CAN 2021
GC;Réalisation des travaux de butinage du tronçon de route : Nkoumadjap-Nkolfong-Oveng dans l’arrondissement de Zoetele région du centre sud.
GC;Les normes de construction hôtelière au Cameroun : cas d’un hôtel de type 5*.
GC;Conception architecturale et dimensionnement de chaussée en zone sahélienne : cas de la route Maltam-Fotokol dans la région de l’extrême nord du Cameroun.
GC;Étude de dégradation précoce de la route en terre à l’extrême nord Cameroun : cas du tronçon  Yagoua-Tchaochai-Tchatibali.
GC;Étude du comportement d’une structure en hauteur vis-à-vis du vent : cas pratique d’un hôtel (SS+R+8) sis à Yaoundé lieu-dit Fougerol.
GC;Travaux de bitumage des routes : cas de la voirie urbaine de la ville de Maroua, quartier Djarengol, tronçon 2 (317ml).
GC;Étude technique des travaux d’entretien routier : cas de la voie école papyrus-collège le Nil au lieu-dit Logpom arrondissement de Douala 5e département de  Wouri, région du littoral.
GC;Conception et étude structurale d’un immeuble à usage d’habitation sous-sol R + 10 avec piscine sur toiture terrasse végétalisée dans la ville de Yaoundé
GC;Contribution au dimensionnement des structures de chaussée sur sol gonflants : application a la route de Maroua-Bogo.
GC;Protection de l’environnement à travers l’architecture bioclimatique : conception d’un centre d’accueil dans la ville de Maroua.
GC;Étude hydraulique et dimensionnement de la chaussée en vue de l’entretien de la route « borne fontaine Emena-lycée d’Emana-hopital deo gracias-carrefour parcours vita » dans la ville de yaoundé.
GC;Renforcement en équipement socio-éducatif au Tchad : projet de construction d’un complexe national de réinsertion des enfants de la rue à N’djamena.
GC;Utilisation des produits stabilisant dans l'entretien routier
GC;Analyses des effets de rupture de la digue du lac Maga et proposition des solutions techniques de lutte contre les inondations
GC;Réaffectation des valeurs culturelles africaine à l'architecture contemporaine : cas de la conception d'un stade de football dans la ville de Maroua 
GC;Le choix d'une structure de chaussée dans la zone sahélienne : cas de la route nationale n°1 (lot n°1 Maroua Mora)
GC;Études techniques en vue de l’aménagement et de bitumage de la route : cas du tronçon de route Balaza - Diguir Hodande (1,8 km), région de l'Extreme-Nord
GC;Interactions des fondations et de sols karal et types de solutions de constructions : cas des travaux de construction de la fondation de l'immeuble R+1 devant servir au transit des enfants vulnerables et autonomisation de l'ong aldepa au quartier domayo a maroua
GC;Aménagement de l’espace gagne par la protection des berges de Mayo Kaliao
GC;Évaluation de la variation du temps d'imbibition du cbr d'un materiau : cas de la zone du projet Nkolessong – Nding
GC;Valorisation des matériaux locaux  dans la région de Tandjile au Tchad : projet de construction d'un centre culturel dans la ville de Kelo
GC;Contribution au dimensionnement de la couche de forme  sur la nationale n°1 : cas de la route Maroua-Mora du pk06 au pk13
GC;Conception, étude et dimensionnement d'un pont poutre mixte (ba + acier)
GC;Conception et dimensionnement des chaussées en béton compacte au rouleau bcr, cas du projet de réhabilitation du tronçon Doulek-Dakatak-Meri sur un linéaire de 11,5 km
GC;Étude d'analyse en régression linéaire multiple des matériaux d'emprunts et prédiction de cbr : cas des emprunts du projet Mengong – Sangmelima
GC;Projet de réhabilitation du tronçon carrefour total Domayo au carrefour Djarma
GC;Advanced modeling and simulation of structural horizontal elements : cas study of industrial pavement under different loads and implementation techniques 
GC;Conception, étude technique d'un amphi de 1000 places au campus de Ouro Tchede et proposition d'aménagement du site
GC;Utilisation des  matériaux locaux cas d'un duplex à usage d'habitation 
GC;Contribution à l'amélioration du confort thermique par un matériaux composite pour bâtiment à usage d'habitation : cas de Maroua 
GC;Étude technique de revetement d'une chaussée en bcr dans la ville de Garoua : cas du tronçon b4 : rond point Yelwa – Délégation tourisme
GC;Interventions de la géotechnique  dans le choix technique de la protection des berges du Mayo Kaliao (Extreme-Nord Cameroun)
GC;Conception et dimensionnement d'un pont sur le Mayo Gouloungou
GC;Assainissement des eaux pluviales en milieu urbain : cas de la commune de maroua 3eme
GC;Bitumage et assainissement d'une route : cas d'un tronçon de 8 km (pk0+00 - pk8+00) du projet Maroua-Bogo
GC;Projet d’exécution d’un bâtiment R+2 à usage de bureau administratif pour le compte  de la délégation de communication de Garoua 
GC;Conception et réalisation d'une unité d'habitation avec l'emploi d'une architecture bioclimatique 
GC;Conception d'un musée national à Maroua 
GC;Études technique en vue de la construction de la voirie urbaine : cas du tronçon Kotto-Logpom dans la ville de Douala
GC;An ideal approach to higway failures prevention
GC;Étude et suivi de la procédure d'exécution des travaux de réhabilitation et/ou  de construction des routes à Garoua cas du tronçon place des fêtes - pont Ngouloungoum
GC;Étude stato-dynamique d’une structure en béton arme d’un immeuble R+4  a N'djamena sis au quartier aérogare.
GC;Étude dynamique : analyse manuelle et numérique dans le cadre d'un bâtiment de type R+6 a usage mixte situe dans la ville de Douala - Cameroun
GC;Limites des études statiques lors du dimensionnement  des ouvrages en béton arme dans la zone du Septentrion : cas pratique d'un bâtiment R + 4 a usage d'habitation
GC;Approche multi critère d'aide au choix des matériaux de construction des bâtiments à usage d'habitation au Cameroun
GC;Valorisation et innovations des architectures traditionnelles de l'Extreme-Nord : cas de l’hôtel de ville de Moutourwa
GC;Étude technique et mise en œuvre d'une route en béton bitumineux et enduit superficiel tricouche : cas de l’aménagement des voies  de de desserte de l’Université Protestante d'Afrique centrale  a Yaoundé
GC;Valorisation des matériaux locaux dans la conception architecturale en milieu sahélien : conception d'une cite sic
GC;Étude de génie civil d'un amphi 1000 a structure mixte  pour le compte de l'ish de Yabassi
GC;Étude structurale d'un immeuble R+5 sur un sol gonflant
GC;Étude du confort thermique dans un bâtiment hospitalier en milieu sahélien :
GC;Renforcement des équipements sociaux-culturel au Cameroun : proposition d’un musée national dans la ville de maroua..
GC;Reconstruction de la route actuelle rond point prison-marche abattoir dans la ville de marouaa avec une couche de roulement en paves.
GC;Étude technique d'un pont en béton armé de 70ml en vue de remplacement du pont de Palar effondré le 31 août 2020
GC;Étude de réhabilitation de la route nationale no1 Ngaoundéré – Garoua tronçon total aéroport- rond point Mardock , longue de 4km.
GC;Conception et dimensionnement d’une tribune (acier et béton armé) à batseng'la ( petit village du groupement Bafou Cameroun)
GC;Amélioration des propriétés géotechniques d'un sol gonflant servant de support à une chaussée: cas de la route Maltam - Bbodo
GC;Écoconstruction : valorisation des matériaux locaux, pour améliorer le confort dans le bâtiment (R+1) dans la ville de Maroua
GC;Étude technique d'un bâtiment R+7 à usage hôtelier dans ville de Douala au lieu dit entrée Elecam Bonamoussadi
GC;Étude structural et dimensionnement d'un immeuble de type R+3 à usage de bureaux dans la ville de Yaoundé
GC;Valorisation et innovation des constructions collectives cas de la conception et de la construction des logements sociaux dePpolii
GC;Projet de construction d’un immeuble R+5 avec sous-sol dans la ville de Maroua à usage administratif
GC;Étude d'un hôpital ultra moderne 
GC;Projet de construction de l'hôtel de ville d'Ebolowa: études architecturales, techniques et administratives de deux bâtiments de type R+4 et R+2
GC;Études hydrologique et hydraulique et conception d’un ouvrage de franchissement : cas du pont d'Ouro-Tchede à Maroua
GC;La conception architecturale d'un centre culturel à N’Djamena au quartier Toukra.
GC;Procédés analytiques d’un édifice de type R+2 à usage éducatif dans la ville de Touboro
GC;Étude et dimensionnement de l’ensemble des infrastructures de la station de pesage : cas du projet de réhabilitation de la route bitumée Maroua-Mora
GC;Conception et dimensionnement d’une residence R+4 sol dans la ville de Yaoundé
GC;Dimensionnement des éléments porteurs d’un bâtiment bloc pédagogique R+1, extensible à R+3 à l’Université de Maroua.
GC;Exécution d'une route revêtue en enduits superficiels bicouche: cas de la voie contournement djunang (meka)-inter rn4 et djunang (lycée)-tocket (lycée technique canada)
GC;Réalisation d'un ouvrage hydraulique dans la ville de MORA (triple dalot avec mur de soutènement)
GC;Conception et calcul de structure d'une clinique pédiatrique 
GC;Valorisation des architectures traditionnelles de Kousseri : complexe commercial à Kousseri
GC;Étude structurale d’un bâtiment de type R+4 à usage habitation dans la ville de DOUALA
GC;Conception et étude technique d'un complexe hôtelier (R+5) 
GC;Optimisation énergétique du bâtiment en zone sahélienne : cas d’un bâtiment de type R+2 à usage d’habitation dans la ville de Maroua
GC;Conception d'un bâtiment r+4 avec ses intégrants confort thermique, énergie solaire passive et facilite de déplacements verticaux
GC;Étude, conception et dimensionnement d’un nouveau pont sur le Mayo Bonéyé à YAMSONGAH dans la province de Bongor (Tchad).
GC;Dimensionnement d’une structure de chaussée en béton bitumineux. Cas de l’axe carrefour SHELL-CSI DOUGOUI soit 1,6 km dans la commune de Maroua 3eme
GC;Étude technique en vue de l'aménagement et du bitumage des voiries de Mindif
GC;Étude de bitumage de route rural, avec l’utilisation de produit stabilisant con aid cbr /plus : cas de la route Saotchai Dacheka –Takreo- Yoldeo- Doukoula (20 km
GC;Paramètres qui influencent une chaussée reposant sur un sol gonflant : cas de la route KOUSSERI-LOGONE BIRNI
GC;Identité architecturale et développement durable au Cameroun : Conception/Dimensionnement d’un lieu de loisir et de repos dans l’arrondissement de DIBOMBARI DEPARTEMENT DU MOUNGO
GC;Études techniques et dimensionnements d’un pont BA de 120 ml pour le franchissement du mayo Limani situe a 20,4 km de Mora route Mora-Kourgui-Amchide, Département du Mayo Sava, région de l’extrême-nord
GC;Étude technique détaillée d'une gare routière et d'un réservoir en béton armé à BEKA (NGAOUNDERE)
DEREN;Impacts socio-environnementaux de l'extension du réseau d'éclairage public par des lampadaires solaires photovoltaïques dans la ville de Garoua.
DEREN;Analyse des impacts sanitaires des risques liés aux inondations dans la plaine du Logone: cas du village ARAINABA.
DEREN;Évaluation des impacts économiques de la régénération des écosystèmes dégradés dans le site de Gawel.
DEREN;Analyse des impacts des biefs sur la nature et le mieux-être des populations dans la commune de Meri: cas du canton de Wazang.
DEPO;Évaluation de la surveillance environnementale du projet de construction d’un centre directeur des opérations d’urgence a l’aéroport international de Maroua Salak.
DEREN;Contribution du système d'information géographique pour la gestion des zones à risques d’inondation : cas de Garoua 2eme.
DEREN;Dynamique du couvert végétal ligneux dans la réserve forestière de Kalfou.
DEPO;Évaluation des risques professionnels par la méthode AMDEC dans un projet de construction : cas de la construction d'un centre directeur des opérations d'urgences à l'aéroport de Maroua Salak.
DEREN;Audit environnemental et social du camp sic de cite verte Yaoundé.
DEPO;Évaluation d'impacts environnementaux et sociaux du projet de construction d'un centre directeur des opérations d'urgences a l’aéroport de Maroua Salak.
DEPO;Production et caractérisation du charbon actif pour le traitement d'eau de forage dans la ville de Douala : cas d'un forage du quartier Kotto.
DEPO;Valorisation des déchets d'abattoir industriels de Wakwa.
DEREN;Évaluation des impacts environnementaux et sociaux des travaux de réhabilitation des Pistes rurales Diguilao-Wibiwa-Tchatibali par le PRESIBALT
DEREN;Évaluation de la mise en œuvre du plan de gestion environnemental et social d'un projet de réhabilitation de 11,5 KM  de la piste rurale DOULEK-MERI par PRESIBALT.
DEREN;Impact socio-économique et environnementaux d'un Bief dans la commune de MINDIF.
DEPO;La gestion environnementale des boues de vidange des fosses septiques : cas de la commune de Mokolo.
DEPO;Traitement de la vinasse de canne à sucre et optimisation de la production de Biothanol d'une distillerie : cas de la distillerie NODISCAM à Mbandjock.
DEREN;Évaluation des sites reboisés dans la région de l'Extrême nord cas de la commune de Maroua 1er.
DEREN;Étude d’impact socio-environnemental de l'intervention du programme ASGIRAP dans les communautés rurales : cas du village Dolla.
DEPO;Contraintes et opportunités liées à l’accès à l’eau potable dans la région de l'Extrême-Nord cas de Lougueo.
DEREN;Analyse socio-économique des impacts liés à l'exploitation des carrières de pierres à l'Extrême nord Cameroun : cas des carrières de fortunes dans la commune de Maroua 1
DEREN;inondations et systèmes de drainage des eaux pluviales: cas de la commune de Maroua 1er.
DEREN;vulnérabilité et adaptation des populations en contexte d'inondation dans la commune de Maroua 2e: cas du quartier Doualaré.
DEREN;gestion des systèmes de drainage des eaux fluviales et la propagation des maladies hydriques dans la commune de Garoua 1 et 2
DEREN;Impact de l'installation des Énergies renouvelables sur le développement socio-économique, culturel et environnemental des populations rurales: cas de la commune de Zina dans le Logone et Chari 
DEREN;Proposition d'un plan de reboisement du site de Kongola.
DEPO;Optimisation de la stabilité des agents de mouture dans la poudre pressée
DEPO;Évaluation des risques environnementaux des produits phytosanitaires dans la zone maraîchère de Mokolo.
DEPO;Conception d'un foyer amélioré a base de briques de terre cuites et du ciment.
DEREN;Contribution des espaces verts dans l'atteinte des objectifs du développement durable dans la ville de Maroua. 
DEPO;Suivi et gestion des déchets du projet de construction du centre directeur des opérations d'urgences à l'Aéroport de Maroua Salak.
DEREN;Évaluation de l'environnement direct du site de construction de l'hôpital de référence de Garoua : risques, modification et réhabilitation.
DEREN;Contribution des écosystèmes dégradés réhabilités par la CBLT à la restauration des services écosystémiques dans la région de l'Extrême- nord Cameroun : cas des plantations d'agroforesterie de Salak et de Godola.
DEPO;Gestion des effluents liquides cas de Vitalia cosmetics.
DEPO;Analyse des impacts environnementaux et sociaux des travaux d'aménagement de 25hectares de petit périmètre irrigué villageois(PPIV) dans la localité de KATWAL, commune de Maroua 1er.
DEPO;Les contraintes liées à l'usage des produits organiques dans les cultures maraîchères urbaines et péri-urbaines dans la commune de Maroua 1er.
DEPO;Risques socio-sanitaires et situation des problèmes environnementaux sur l'assainissement des eaux usées: cas des caniveaux dans la ville de Garoua (voie E1, Lamida, Bachore, lycée technique) dans le cadre du programme CD2 urbain.
DEPO;Contributions à l'amélioration des déchets d'une station-service : cas de Tank ‘Oïl company S.A.
DEPO;Impact de la logistique des déchets sur la population: cas de la commune de Maroua 2e.
DEREN;Proposition d'une approche environnementale dans le projet d'insertion socio-économique dans le Département du mayo Tsanaga: cas de Koza.
DEPO;Déchets solides ménagers dans la ville de Maroua: de la collecte vers une économie circulaire.
DEPO;Suivi environnemental des travaux de reconstruction de la route nationale N°1  section WAZA-DABANGA
DEPO;Analyse des cendres issues de traitement thermique (incinération) de terre contaminées des hydrocarbures afin de la valoriser en intrants organiques.
DEREN;Techniques d'adaptation de l'agriculture familiale aux effets du changement climatique vulgarisées par le projet RePER.
DEREN;Lutte contre la Déforestation : vulgarisation du charbon vert dans la ville de Maroua 
DEREN;La résilience écologique de la biodiversité liée aux inondations et au changement de l’hydrologie de mare naturelle de Tchafa : Cas de la plaine Waza-Logone
DEREN;Groupement d’épargne et de crédit villageois dans les arrondissements de Kozo et Mozogo : Performance et résilience 
DEREN;Évaluation des tendances des ressources naturelles du 1er Janvier 1990 au 31 Décembre 2019 dans la zone de compétence du Comite inter-régional de lutte contre la sécheresse dans le Nord : ressources en eau et couvert végétal
DEREN;Les effets des activités anthropiques sur la réserve de ZAMAI
DEREN;Perception des problèmes environnementaux par la population : Cas de la prolifération des dépôts d’ordures ménagères dans la commune de Maroua 
DEREN;Production du charbon de bois et son impact sur l’écosystème forestier : cas de l’arrondissement de Logone Birni
DEREN;Diversité et distribution des oiseaux dans la zone urbaine de Maroua
DEREN;Stratégie d’amélioration de la surveillance et du suivi environnementaux sur les chantiers routiers
DEREN;Influence du système de drainage sur l’environnement humain et le paysage urbain dans la ville de Garoua 2
DEREN;Impact des potentialités économiques de domaine agropastoral dans la commune de Touloum Extrême- nord Cameroun 
DEREN;Gestion et valorisation des produits forestiers non ligneux
GC;Transfert des compétences aux Collectivités Territoriales Décentralisées dans le cadre de la gestion des ressources : cas de l’opération Sahel, Commune de Maroua 1er.
DEREN;Dynamique des parcs à Faidherbia dans la zone cotonnière du Cameroun : cas du village de Doukoula
DEREN;Aménagement de la digue de Maga : analyse des impacts sociaux économiques et environnementaux 
DEREN;Valorisation énergétique : Formation de briquettes à base de sciure, copeau et liant pour la commercialisation industrielle
DEREN;Proposition d’un plan de reboisement dans les 3 métropoles régionales (Maroua Garoua N’Gaoundéré) de la zone de compétence du comité inter-régional de lutte contre la sècheresse
DEREN;Évaluation des initiatives et pratiques locales de lutte contre la sécheresse et la désertification dans la zone de compétence du Comite inter-régional de lutte contre la sécheresse dans le Nord
DEREN;Évaluation des risques environnementaux du projet C2D -Garoua
DEREN;Impact socio-environnemental de l’urbanisation sur les espaces agricoles à Garoua 3
DEREN;Proposition d’un système d’alerte précoce sur la sécheresse et l’inondation dans la partie septentrionale du Cameroun
DEREN;Mise en place d’un système de réduction des risques environnementaux et sanitaires liés à la production et la mise en œuvre des enrobés par SOCOTCOG : Cas du tronçon routier 
DEREN;Contribution des établissements scolaires dans la préservation de l’environnement et la gestion durable de ressources naturelles dans la plaine du Logone : cas de Zina et Mazera
DEREN;Impacts écologiques de l’implantation de Azadirachta indica dans la commune de Guidiguis / Dégradation du Mayo dolé : évolution, causes, conséquences et aménagement
DEREN;Dynamique des parcs de Faidherbia dans la zone cotonnière du Cameroun : Cas du village de Doukoula). 
DEREN;Gestion des risques et catastrophes environnementales liées aux constructions routières : Évaluation du système mis en place sur l’autoroute
DEPO;Biofertilisants : Production, Bio-efficacité et vulgarisation
DEPO;Valorisation des fientes de volaille pour la production d’un biofertilisant
DEPO;Production des pavés à partir de la terre décolorante usée
DEPO;Fabrication du biocarburant a base du jatropha
DEPO;Valorisation phytosanitaire des extraits botaniques et protection de l’environnement : Mise sur pied d’une stratégie d’implication des maraichers de YAGOUA au processus 
DEPO;Toxicité des herbicides à base de glyphosate utilisés au Cameroun sur les alevins de poisson (Tilapia)
DEPO;Valorisation des Déchets en biogaz dans la ville de Mokolo : Cas des feuilles mortes de l’arbre de Senna siamea
DEPO;Évaluation des contaminants chimiques susceptibles d’influencer le bon fonctionnement d’une STEP dans une usine agroalimentaire : Cas de la SABC YDE
DEPO;Amélioration de la culture sécurité des entreprises sous- traitantes d’ENEO
DEPO;Approches d’éco résilience et gestion de l’aléa inondation dans la ville de Douala : Bassin versant du Tongo-bassa
DEPO;Optimisation de la station d’épuration par lagunage de la SOCAPALM : Cas du site de KIENKE (Sud- Cameroun)
SAR;Mise en place d'un portail captif: cas du Labo INFOTEL
TELE;Mise en place d'un système de couverture radio basé sur LoRa pour la communication entre bergers
TELE;Conception d’un système d’automatisation de approvisionnement d’eau dans un chateau.
SAR;Mise en place d’une solution de supervision en temps réels des flux réseau et l’utilisation de la bande passante : cas  de TRU GROUP
SAR;Scan de vulnérabilité et proposition d'une politique de sécurité d'un site web : cas de l'ENSPM
IG;Développement  d'une  plateforme  mobile  de gestion immobilière : cas des logements
IG;Développement  d'une  application  mobile  du suivie des enseignants de l'ENSPM
IG;Développement  d’une  application  mobile  de vente de kilos pour les voyageurs aériens
IG;Conception et réalisation d’une application de gestion   des   pré-inscriptions   en   ligne   à l’ENSPM
IG;Développement  d'une  application  mobile  de gestion  et  suivi  des  ventes  dans  les  commerces
TELE;RFID : conception d’un contrôle d’accès par badge.
TELE;Proposition d’une solution VOIP pour la gestion des services á valeur ajoutées.
TELE;Conception et réalisation d’un système d’arrossage automatique en fonction de la météo.
TELE;Mise en place d’outils de détection de l’état de liaison faisceaux hertziens de Nexttel.
INFO;Développement d'une application mobile d'assistance populaire pharmaceutique.
TELE;Réalisation  d’une mini serre agricole intelligente.
INFO;La conception et réalisation d'un site Web vitrine : cas du CMPJ de Mora.
TELE;Étude de la planification du réseau national des télécommunications d’urgence
INFO;La gestion automatisée de la facturation et du paiement des locaux :Cas de la CUG.
SAR;Mise en place d'un mini data center : cas de l'ENSPM
INFO;Conception et réalisation d'une plate- forme d'authentification en ligne de diplômes de l'ENSPM.
SAR;Mise en place d’un système de sécurité dans un réseau d’entreprise basé sur les attaques les plus connues : cas de NEXTTEL_EXTREME NORD
IG;Développement   d'une   application   mobile d'aide à la recherche d'un objet perdu et personne égarée
IG;Conception  et  implémentation  d'une  plate- forme mobile de mise en relation des prestataires de services et Clients.
TELE;Conception et réalisation d’une station de mesure sur le Cloud
SAR;Mise en place d’une solution de prévention et d’atténuation des attaques DDOS
TELE;Déploiement d'une solution Odoo pour la gestion des projets et ou l'optimisation des processus métiers au sein d'une entreprise cas d' AGL SERVICES
TELE;Conception et réalisation d’un système de geolocalisation  des engins base sur le module GSM
INFO;Développement d'une application de tracking et de contrôle à distance des véhicules associé au dispositif de sécurisation des véhicules Smart Car_
TELE;Déploiement d’un réseau d’accès filaire en utilisant la technologie FTTH : cas de la communauté urbaine de Maroua
IG;Développement  d’une  plateforme  mobile  de gestion  des  consultations  dans  les  hôpitaux  : Cas du Cameroun
INFO;Mise en place du protocole de sécurité IPSec dans un réseau informatique : cas de l’entreprise AIR FORCES PICTURES.
INFO;Mise en place d’un système de détection d’intrusion et de notification avec SNORT.
INFO;Mise en place d'un système de fichiers distribué: Cas de l'ENSPM
INFO;Thème : Mise en place d’une application de gestion des matériels du MINPOSTEL.
INFO;Mise en place d’ une application mobile d’enrôlement des bénéficiaires des projets: cas du CMPJ : Centre Multifonctionnel des  jeunes de Mora
SAR;Étude et implémentation d’une interconnexion sécurisée de deux sites distants avec IPSec : cas de JIM’S SECURE
BIO;Étude et dimensionnement d'une centrale à biogaz pour l'électrification de la localité de MAL DALARI
BIO;Étude technique de l'approvisionnement de l’abattoir d' ETOUDI/Yaoundé en énergie électrique via la biométhanisation
BIO;Étude et valorisation des déchets issus de la transformation des noix de palme d'une palmerais de 180 hectares aux environs d'EDEA
BIO;Valorisation des cendres provenant de la combustion des coques au niveau de la chaudière de l'huilerie de Garoua DJAMBOUTOU
BIO;Contribution à la valorisation énergétique de la paille de riz: production du bioethanol 
BIO;Valorisation des déchets d'abattoir pour la production du biogaz et de biofertilisants: cas de l'abattoir municipale de DJOUNDE (Maroua)
BIO;Valorisation des déchets en unité de cogénérateur pour le chauffage d'eau dans les brasseries de Yaoundé
BIO;Valorisation d'huile de rejet de coton en biodiesel : cas de l'huilerie de la SODECOTON GAROUA
BIO;Production des biocombustibles solides à base de la paille de riz
