code_cycle;titre_memoire
IC;Conservation des aubergines (Solanum aethiopica) par séchage
IC;Configuration des processus opérationnels dans l’unité de production du GIC-JGEPROL
IC;Audit  et actualisation des protocoles de nettoyage des équipements de SOGOPROCAM
IC;Évaluation des méthodes d’analyse de  Camlait-Bassa  et détermination de quelques paramètres physico-chimiques du lait.
IC;Conception et dimensionnement de la chaîne de production de boisson aromatisée au lait : cas de GOLDLAIT
IC;Efficacité comparée des désinfectants utilisés pour le nettoyage en place : Cas de CAMLAIT
IC;Mise à jour des sites de production des brasseries du Cameroun, conformément aux standards qualités de la firme Heineken : Cas des usines de Douala
IC;Amélioration du procédé d’extraction de l’huile de poisson de quelques localités de l’Extrême-Nord
IC;Évaluation et maîtrise des pertes incompressibles en soja (graines et jus) sur la chaîne de production de CAMLAIT Ndokoti.
IC;Mise en place d’une organisation rationnelle du système de production à BIOTROPICAL SA
IC;Mise en place d’un plan d’hygiène et HACCP lors de la fabrication des jus vimbo à SOGOPROCAM
IC;Réduction des coûts de non qualité au cours de la production des boissons aromatisées à la Société Golden Product Cameroon
IC;Évaluation  de l’impact de la non-conformité en production de la boisson tampico
IC;L’impact de l’utilisation de la fumure organique dans la lutte contre la pauvreté en zone cotonnière camerounaise
IC;Encadrement des OP par la SEMRY, cas de la restructuration des GIC en coopératives rizicoles dans le périmètre de secteur Yagoua
IC;Structuration des producteurs de niébé et gestion des risques de marché dans le département du Mayo-Sava 
IC;Contribution du conseil technico-économique au développement des groupements des producteurs et des EFA dans le Département de la Bénoué (Nord-Cameroun)
IC;Stratégies d’adaptation des exploitations familiales agricoles face aux changements climatiques
IC;Impact du financement des activités agricoles des OP et amélioration des conditions de vie des membres : cas de Maroua Ier
IC;Incidence de la filière arachide sur le revenu des producteurs dans la sous-préfecture de Koumogo (Tchad)
IC;Bénéfice économique d’une jachère améliorée arborée d’Acacia senegalensis dans les exploitations familiales agricoles
IC;Analyse des résiliences des exploitations familiales agricoles dans les agrosystèmes du Nord : cas de Zéra, Zanguéré, Moho et Sirlawé
IC;Analyse des performances économiques des exploitations agricoles familiales dans les agrosystèmes du Nord : cas de Mowo, Sirlawé, Sanguéré et Zéra
IC;Les déterminants de l’adoption de l’innovation par les exploitations agricoles familiales dans l’agrosystème du Nord : cas de Mowo, Sirlawé, Sanguéré et Zéra
IC;Caractérisation phénotypique des caprins de Guider
IC;Caractérisation phénotypique des caprins de Mindif
IC;Influence  de la complémentation alimentaire sur production laitière  et détermination de quelques paramètres  physico-chimiques  des laits  collectés dans la ferme «  Farcha lait » à Njamena
IC;Effet d’une alimentation enrichie en feuilles du Chromolaena odorata et du Leucaena leucocephala sur les performances de croissance et survie du tilapia
IC;Performances pondérales des canards
IC;Présélection des vaches de race Fulani rouge pour la production laitière dans la région de l’Extrême-Nord
IC;Étude des performances zootechniques des ovins kababich dans la région du Ouadda
IC;Impact des canaux de pêche sur le pastoralisme dans la plaine d’inondation du Logone (Extrême-Nord, Cameroun)
IC;Effet de l’incorporation du Moringa oleifira sur les performances de croissance des lapins
IC;Caractérisation technique et économique de l’élevage des bovins à la station zootechniques de Wakwa
IC;Étude comparée de la croissance larvaire suite à l’utilisation des hormones de synthèses (suprefact + Motilium) et l’hormone hypophysaire chez Clarias gariepinus
IC;Évaluation du processus de la préparation des vaches locales à l’insémination artificielle
IC;Effet de la substitution de la farine de poisson par la farine d’asticot séché sur les performances de croissance des alevins de Clarias garegunis
IC;Impact de la paille traité à l’urée sur la croissance des ruminants
IC;Effet de l’amélioration de l’alimentation et performance sur la croissance pondérale chez les cobayes (Cavia porcellus)
IC;Effet d’une alimentation biphasée sur les performances de production de Cobb500
IC;Évaluation  d’une méthode de lutte biologique sur le rendement du riz dans un agrosystème irrigué dans l’Extrême-Nord, Cameroun
IC;Amélioration de la croissance des plantes de cacaoyer (Theobroma cacao L.) en pépinière par les biofertilisants 
IC;Évaluation génétique de la résistance de trois variétés locales de niébé (Vigna unguiculata) au striga au Cameroun
IC;Étude des performances agro morphologiques de cinq variétés de riz Nérica dans la zone des hautes savanes guinéennes Cameroun et proposition d’amélioration variétale
IC;Développement et application des marqueurs moléculaires pour la mise au point des variétés de niébé (Vigna unguiculata) résistants aux pucerons (A. croccivora)
IC;Rapid propagation of Manihot esculenta using the mini stakes multiplication technic
IC;Diagnostic participatif pour la lutte contre les insectes en champ du niébé : cas des insectes des fleurs
IC;Évaluation de l’effet de 8 fumures organiques sur le développement du poivrier (Piper nigrum) en pépinière
IC;Caractérisation génétiques de la population des lignées F1 et BC1 de trois variétés locales de niébé (Vigna unguiculata) du Cameroun
IC;Vegetative growth Performance of oil palm seedlings, in response to organic and inorganic fertilizer
IC;Évaluation des performances agronomiques des variétés hybrides de maïs issues de l’IITA avec une variété hybride locale dans la zone agro-écologique à Bertoua Est-Cameroun
IC;Collecte et caractérisation des accessions de manioc au Cameroun
IC;Effets de la densité de semis sur les caractères agro-morphologiques de deux variétés de soja (Glycine max (L)) dans les agrosystèmes de Mokolo
IC;Étude génétique de la résistance des fleurs de niébé aux thrips
IC;Performance qualité des bières S.A.B.C : First Time Right (FTR)
IC;Valorisation des sorghos SP (Sorghum bicolor L. Moench) en panification
IC;Ameliorating the organoleptic and rheological properties of NEIMA tomato by use food additives and appropriate operating conditions in SAGRI SA
IC;Conception d’un système d’assurance qualité hygiénique des produits « c’ bon »   et «  bonatura » pour l’obtention de l’agrément du Ministère de la Santé : méthode  HACCP 
IC;Amélioration du suivi des chaînes de production du yaourt « Tino » et des boissons tampico à la First African Company (FAC).
IC;Étude de la mise en place du processus de démarche qualité dans l’usine sahel agro (Maroua, Extrême-Nord, Cameroun)
IC;Effets du stockage sur les caractéristiques physico-chimiques de la farine de maïs au sein de l’usine sahel agro (Maroua, Extrême-Nord Cameroun).
IC;Développement d’un nouveau produit dans une société de charcuterie (MADA) : cas du saucisson à base de viande de poulet
IC;Contribution à la mise en place d’une démarche HACCP dans la structure Manfouo David (MADA) : cas du yaourt à boire
IC;Optimisation de l’utilisation des emballages et évaluation des pertes en emballages dans le conditionnement  du yaourt brassé tino et boisson tampico
IC;Production de biscuit à base de sorgho muskwari
IC;Amélioration et la maîtrise de la coloration des bières 33 export, castel et beaufort. 
IC;La veille et conformité réglementaire de l'unité de production de SAGRI (SOACAM Agro-industries)
IC;Identification, analyse et maîtrise des causes de non qualité de la production de la farine de blé : cas de la SCTB.
IC;Étude de la variabilité de l’acidité du beurre de cacao pendant le stockage
IC;Amélioration de la viabilité de la levure
IC;Influence de la saturation des huiles sur la qualité du savon.
IC;Évaluation des pertes en matière et énergie tout au long de la chêne de production du savon promo2 au CCO.SA et optimisation du rendement
IC;"Contribution à l’élaboration d’un modèle de Bilan CO2 à la Société Anonyme des Brasseries du Cameroun (S.A.B.C) usine de Yaoundé : Évaluation de la production dans les bio-fermenteurs, de la Consommation dans les ateliers de fermentation et de Brassage; et saturation de la bière."
IC;Conception et Dimensionnement d’une ligne de production de jus à deux conditionnements.
IC;Thème: amélioration de la brillance et du ph des bières à la SABC de Bafoussam.
IC;Influence du stockage sur la qualité microbiologique de la farine de maïs produite à l’usine Sahel-agro (Maroua, Extrême-Nord, Cameroun).
IC;Mise en place d'un plan de maîtrise sanitaire en rapport avec les référentielles a l'établissement MADA
IC;Contribution à la mise sur pied d'un système de management de la qualité au CCO selon le référentiel ISO 9001.
IC;Conception, dimensionnement et réalisation d’un  bioréacteur pour  la production de la bière de sorgho « bili-bili».
IC;Diagnostic de réalisation et d’analyse d’impact socio-économique de l’introduction de la pisciculture et de l’embouche bovine dans les périmètres des rizicoles de la SEMRY: Cas des bassins rizicoles de Yagoua,kai-kai et Maga
IC;Évaluation de l’épargne rurale et de l’accès au microcrédit sur la solidité financière des agriculteurs dans le Mayo Tsanaga
IC;Analyse socio-économique de la réhabilitation des mares naturelles dans la plaine inondable du Logone à l'Extrême-Nord du Cameroun : cas des localités  LAHAÏ et ZINA
IC;Évaluation des sous projet PACA de production animal de la Région de l’Extrême-Nord : Mayo-Danay, Mayo-Kani, Diamaré
IC;Rôles des organisations agropastorales dans le développement de l’économie du secteur élevage dans le Mayo-kani
IC;Impact socio-économique du programme ACEFA sur les groupements du Diamaré
IC;Niveau d’adoption des innovations par les exploitations familiales agricoles dans les agrosystèmes du Nord : Cas des terroirs Sanguéré-Paul et Zéra
IC;La gestion du crédit agricole et ses enjeux pour l’autonomisation de la femme rurale : cas des femmes mutualistes de la MC2 Bafoussam rural
IC;Contribution des activités extra-agricole aux revenus des exploitations agricoles familiale
IC;Impact de la structuration en filière des exploitants agricoles du Diamaré sur l’agriculture familiale
IC;Catégorisation des exploitations agricoles et systèmes de production de Soja dans le Mayo-Tsanaga
IC;Impact du conseil collectif sur l’amélioration des revenus des exploitations familiales agricoles membre des organisations paysannes mise en œuvre par ACEFA dans l’arrondissement de Dschang
IC;Pratique de gestion dans connaissances des organisations paysannes dans le département du Diamaré
IC;Impact économique du dépérissement en tubercule de manioc au sein des organisations paysannes : cas des bassins de production de Meiganga et de Dir
IC;Contribution des organisations paysannes pour l’amélioration du rendement agricole
IC;Analyse de la filière Morelle africaine de Njombé-Pendja : atouts et contraintes au développement
IC;Contribution aux développements socio-économiques des plants issus des fragments des tiges et comparaison avec autres méthodes de production de semence de bananier et plantain
IC;Impact du financement du CDD sur les groupements des producteurs dans le Diamaré
IC;Analyse des risques liés au développement de la filière soja dans le Mayo Tsanaga
IC;La filière karité et son influence sur le revenu des acteurs : cas des bassins de production des communes de Garoua 3 et Tcheboa Ngong dans la Région du Nord-Cameroun
IC;Évaluation de l’appui conseil au niveau des groupements de producteurs accompagnés par ACEFA de 2013-2015 dans le département du Mayo-Kani
IC;Évaluation socio-économique des systèmes d’exploitation familiale de la grande Mifi
IC;Contribution du financement par fond rotatif sur le revenu des ménages
IC;Pratiques et stratégies des éleveurs pour l’amélioration de l’aliment du bétail dans le Département du Mayo-Kani : cas des Arrondissements de Mindif, Moulvoudaye et Kaélé.
IC;Impact de la maladie de Newcastle sur la production de poulet locale : cas de l’Arrondissement de Touloum.
IC;Caractéristiques socio-économiques et techniques de l’élevage des Petits Ruminants dans le Département du Diamaré (Région de l’extrême-Nord Cameroun).
IC;Effet de la substitution de la farine de poisson par la farine de sang sur les performances de croissance et de survie des juvéniles de Clarias gariepinus.
IC;Influence des paramètres physico-chimiques de l’eau sur la production des alevins de Clarias gariepinus : cas de la ferme aquacole du septentrion.
IC;Évaluation des pertes zootechniques en production porcine : cas de la ferme porcine NOTIKA Bafoussam.
IC;Caractéristiques bromatologiques des farines de poisson au Cameroun et leurs effets sur les performances zootechniques des poulets de chair.
IC;Suivi et évaluation des performances techniques d’une ferme avicole.
IC;Effet de la substitution partielle de la farine de poisson par la farine d’asticot dans l’alimentation des poulets de chair en finition : performances zootechniques, caractéristique de la carcasse, résultat économique.
IC;Évaluation de l’effet de renouvellement de l’eau sur la survie et la croissance des larves et des alevins de Clarias gariepinus en circuit ouvert : cas de l’écloserie du GIC Aquaculture intégré de l’Ouest.
IC;Effet du charbon actif des coques de noix de coco sur les performances zootechniques et la qualité de la carcasse des poulets de chair.
IC;Effet d’incorporation du contenu du rumen séché dans l’alimentation sur les performances des lapins (Oryctogalus cuniculus) en croissance à la ferme de la fondation Bethléem de Mouda.
IC;Influence de la combinaison d’un phytoadditif (Allium cepa) au 17 alpha nethyl testorne sur la réversion sexuelle et les performances  de croissance et de survie chez Oreochromis niloticus.                                                                                                                                                                                                      
IC;Performance des ovins Oudah alimenté à partir du son de riz de l’Extrême –Nord Cameroun. 
IC;Insémination artificielle de Clarias gariepinus et sa gestion au stade larvaire et d’alevinage.
IC;Caractérisation phénotypiques des porcs locaux et influence de l’alimentation sur leur productivité à Garoua.
IC;Impacts de la provenance des animaux de boucherie sur la qualité de la viande : cas des abattoirs de la ville de Maroua.
IC;Effet de l’incorporation de la fane d’arachide dans l’alimentation sur les performances zootechniques des lapins (Oryctogalus cuniculus)en croissance à la ferme de la Cathédrale Notre Dame de Maroua.
IC;Caractérisation et migration de quelques espèces de poissons durant l’année dans le lac de Maga, des fleuves Logone, Loromé, Logomatya dans la région Extrême-Nord.
IC;Amélioration des performances des vaches laitières locales par insémination artificielle : contraintes, avantages, inconvénients.
IC;Organisation et évaluation des paramètres zootechniques d’une ferme porcine : cas de la ferme porcine NOTIKA Bafoussam.
IC;Étude corrélative entre l’eau de boisson distribuée aux poules et leurs maladies à PROLACAM : cas de la ferme de BALENG II.
IC;Le dépérissement des agrumes dans la région de l'Adamaoua
IC;Problématique d’adoption des variétés NERICA dans les périmètres irrigués du Logone et Chari
IC;Étude de la performance agronomique des nouvelles variétés du coton par rapport à celles qui sont en culture
IC;Optimisation de la densité de repiquage du sorgho (Sorghum bicolor) de saison sèche dans               la région de l’Extrême- Nord Cameroun.
IC;Évaluation de l’incidence des attaques fongiques sur le processus de production des géniteurs de cacao à la station polyvalente de recherche agricole de Nkoemvone
IC;Évaluation  de l’efficacité du programme de protection phytosanitaire contre  les ravageurs du cotonnier  au Cameroun. 
IC;Essai d'introduction et d'évaluation variétale de quinoa 
IC;Évaluation de l’aptitude au bouturage de 4 géniteur de cacaoyer (snk16.ics46.up a 143.t79/501) par variation du type de bouture de l’emploi de différente dose d’une hormone rhizogène au spran/fodecc de Nkoemvone
IC;L’impact de la cendre des feuilles de neem  sur la croissance de trois variétés de sorgho (variété locale, S 34, CS 54).
IC;Test du comportement du soja(Glycine max) à un apport de chaux sur sol acide dans la localité de Mangoun à Foumbot
IC;Effet des dates de semis sur le rendement de cinq (05) variétés d’ haricot commun (Phaseolus vulgaris) nouvellement introduites dans la localité de Njombé
IC;Adaptabilité de cinq (05) variétés d’ haricot commun (Phaseolus vulgaris) dans la localité de Njombé
IC;Influence de la date de semis et de repiquage sur la production d'oignon dans le Diamaré
IC;Adaptabilité de six variétés de haricot volubille à l’Extrême-Nord
IC;Effet de la fertilisation des résidus agricoles sur la croissance et le rendement du mil
IC;Caractérisation phénotypique de Faidherbia albida en zone Soudano-Sahélienne du Cameroun
IC;Effet des différents types de fertilisation sur le rendement du sorgho dans la zone Sud-Ouest de la Bénoué région du Nord-Cameroun
IC;Évaluation de l’effet de quelques fongicides sur pestalotiopsis microspora, agent causal de la maladie des feuilles d’hévéa dans la région du Sud-Ouest Cameroun
IC;Évaluation de l'incidence de la Mosaïque Africaine de Manioc sur deux variétés de manioc en association avec le maïs dans la région du centre Cameroun
IC;Caractérisation agro-morphologique de quelques variétés de haricot nain (Phaseolus vulgaris) dans la région de l'Extrême-Nord Cameroun
IC;Test de pathogénicité et d’agressivité de quelques souches de Fusarium oxysporum prélavées des palmiers à huile de la CDC
IC;Impact des pratiques culturales sur l’évolution du carbone organique des sols: Cas des localités de Meskine et Guyring (Maroua, Extrême-Nord Cameroun)
IC;Effet des divers traitements auxiniques sur le comportement du cacaoyer multiplié par la technique de bouturage direct sous tunnel plastique
IC;Contribution à la maîtrise des causes de non-conformité de ph des bières finies à la SABC de Garoua
IC;Preparation and quality evaluation of non-alcoholic sorghum malt drink
IC;Production de la farine de sevrage a base du sorgho malte et détermination des paramètres physicochimiques
IC;Production de la farine de manioc et introduction comme farine de substitution en boulangerie à N’Djamena (Tchad) 
IC;Conservation de stock des céréales dans les entrepôts des tailles moyennes, le cas de l’office national de sécurité alimentaire (ONASA) de N’Djamena
IC;Conception et dimensionnement d’un four solaire pour la fabrication du pain et biscuit à base de sorgho
IC;Déficit des fonctionnalités équipement de régulation des paramètres de séchage et impact sur la chaîne de production
IC;Caractérisation physico-chimique et nutritionnelle des biscuits produits à base des farines composites amande de mangue (Mangifera indica) – blé
IC;Influence de l’élimination des anti-nutriments des amandes de mangues sur les leurs propriétés physico-chimiques et fonctionnelles
IC;Caractérisation nutritionnelle d’un biscuit de riz enrichi à la pulpe de baobab
IC;Valorisation des sous-produits de la transformation du manioc en amidon dans la production de la farine pour diabétiques à la STM
IC;Réduction du rassissement du pain en utilisant les farines d’amandes de mangues (Mangifera indica) et les paramètres de procédé de fabrication du pain
IC;Influence des améliorants sur la rhéologie de la pâte à pain et impact sur la panification
IC;Suivi, maîtrise opérationnelle et proposition des solutions pour l’amélioration des performances environnementales de la SOCAPALM de Nkapa
IC;Amélioration de la qualité des yaourts par la maîtrise statistique des procédés à CAMLAIT.SA
IC;Amélioration et maîtrise des freintes de bières en caves à la SABC de Garoua
IC;Suivi et évaluation de la qualité et sécurité sanitaire des denrées alimentaires : cas de l’élimination des contaminants dans le raffinage de l’huile de palme
IC;Production de saucisson de poisson substituée au bœuf dénommé « saucisson MADA »
IC;Formulation et caractérisation de 3 pains de mie fonctionnels au son de maïs, sorgho et riz
IC;Optimisation de la capacité journalière de raffinage d’huile de palme brute soruor au sein de la Soproicam.
IC;Extraction des protéines de soja (glycine max) et production artisanale de jambon de soja à IAO
IC;Optimisation de la chaîne de production de laiterie de CAMLAIT / Usine de Bassa
IC;Appui conseil et la professionnalisation des organisations paysannes : cas des organisations paysannes accompagnées par le programme ACEFA dans l’arrondissement de Maroua 1er, 2e  et 3e
IC;Analyse de la pertinence du financement ACEFA et évaluation de ses effets sur les groupements de producteurs dans le département du Mayo-Kani Extrême-Nord Cameroun
IC;Impact socio-économique des crédits agro-pastoraux  sur les bénéficiaires en zone rurale : cas de l'UCEC-CDD
IC;Évaluation socio-économique des EFA de l’observatoire du programme ACEFA dans le cadre de l’appui conseil : cas de quelques arrondissements du Diamaré
IC;Contribution du système cotonnier aux revenus des exploitations familiales
IC;Analyse de la rentabilité au sein  des organisations des producteurs agropastoraux dans le Mayo-Kani : cas des coopératives
IC;Approches d’assistance aux populations en situation d’urgence et de protection sociale : cas du transfert monétaires 
IC;Évaluation de la contribution du revenu des cultures maraîchères dans le développement des exploitations familiales agropastorales
IC;Analyse du système de commercialisation du fourrage dans le sahel du Cameroun : cas de la ville de Maroua
IC;Rentabilité des exploitations familiales agricoles dans les agro systèmes du Nord : cas des localités de Sanguere-Paul, Zera, Sirlawe et mowo
IC;Analyse des performances technico-économiques des exploitations maraîchères : cas de la tomate dans le Diamaré 
IC;Étude de l’acceptabilité de la technique de culture hors sol : cas de la production de laitue
IC;Essai  d’analyse de l’impact du microcrédit sur la pauvreté : cas des MC2 parrainées par Afriland first bank
IC;Analyse de la filière niébé dans la région de l’Extrême-Nord
IC;Contribution du BELACD-CARITAS LAI dans la mise en œuvre du projet sécurité alimentaire pour un développement socio-économique de la tandjilé (TCHAD) : cas de la riziculture de contre saison
IC;Importance du conseil agricole dans l’accompagnement des organisations paysannes pour la lutte contre l’insécurité alimentaire dans la région de l’Extrême-Nord du Cameroun : cas de la commune de Mokolo
IC;Évaluation de la contribution de l’appui financier au niveau des groupements de producteurs accompagnés par le programme au développement des emplois ruraux
IC;Contribution du conseil technico-économique au développement des groupements  de producteurs : cas du département de la Benoué
IC;Évaluation des effets de l’appui conseil au sein des groupements des producteurs agricoles du Diamaré : cas du programme ACEFA
IC;Evaluating the effects of ACEFA's financial support on the activities of farmers organizations in the Diamaré
IC;Évaluation du conseil agricole dans le développement des activités économiques des exploitations familiales agropastorales : cas de l’observatoire du programme ACEFA
IC;Étude comparative de la rentabilité socio-économique des filières soja et souchet dans le Nord Cameroun : cas de la partie Sud-Ouest du département de la Benoué.
IC;Évaluation des appuis promus par le programme d’appui aux PME agricoles et agroalimentaires (PMEAA) dans la région de l’Ouest Cameroun 
IC;Résistance à la rouille et performance de quelques variétés de soja sur sol amandé aux feuilles de Tithonia diversifolia
IC;Évaluation de la résistance à la sécheresse d’un hybride mutant de niébé 
IC;Evaluation of the effet to pre-treatement techniques on the germination of oil palm seeds
IC;Effet de la fertilisation organique sur la croissance et le rendement de la tomate sur les sols de Maroua
IC;Évaluation de l’effet des biopesticides sur les maladies et ravageurs de la tomate : cas de l’urine de vache et l’extrait du neem  
IC;Effet du tallage aérien de 12 variétés du sorgho repiqué dans la région de l’Extreme-Nord 
IC;Étude de l’effet du compost à base de jathropha  curcas et la fertilisation minérale sur les performances agronomique et le rendement du gombo à kismatari Nord-Cameroun 
IC;Évaluation du pouvoir germinatif de la morelle africaine dans la localité de Njombé
IC;Evaluation of the rooting capacity of cocoa hybrids dissiminated in the 5th agro ecological zone of Cameroon
IC;Caractérisation morphologique du poivrier dans les régions du Centre et du Littoral au Cameroun
IC;Effet des prétraitements sur la croissance initiale de six provenances de Faidherbia albida de la zone soudano-sahélienne du Cameroun
IC;Étude comparative de la fertilité du sol par un apport de fumure organique, de champignons mycorhiziens et d’engrais minéraux pour les cultures maraîchères : cas de la pastèque à FOMAKAP.
IC;Réponse de la tomate à la fertilisation chimique, organique et biologique dans la région de l’Extrême-Nord 
IC;Évaluation de l’effet de la densité sur le rendement de deux types d’ail dans la région de l’Extrême-Nord- Cameroun 
IC;Diversité des insectes ravageurs de la pastèque et quelques méthodes de protection pratiquées à Yagoua 
IC;Étude de la diversité génétique de la population du Niébé par les marqueurs microsatellites
IC;Évaluation de l’effet des engrais minéraux sur les paramètres de croissance, de développement et de rendement de la culture d’ail dans la localité de Maroua
IC;Adaptabilité de trois variétés de riz en saison chaude pour une combinaison optimale densité de semi-dose d’engrais dans le Département du Mayo-Louti
IC;Évaluation de la production et de la résistance au bio-agresseur des riz Nerica 3 et IR 46 dans l’agroécosystème de Maroua 
IC;Valorisation de la drèche de bil-bil et de l’effluent de harki comme complément à l’embouche des ovins dans la ville de Maroua. 
IC;Effet de la supplémentation des drêches de bil-bil et d’azardirachta indica sur les performances de croissance des lapins dans la région de l’extrême-nord. 
IC;Effet de la substitution du maïs par la drèche des brasseries dans l’alimentation des poulets de chairs.
IC;Evaluation de l’effet des résidus de récolte sur la croissance des ovins : cas des fanes d’arachides.
IC;Effet de l’urée sur l’amélioration de la production laitière  des vaches Simgouds au ranch de la SODEPA Faro et Deo.
IC;Étude comparative des aliments d’intrants locaux (son de mil, tourteau de coton) et des aliments artificiels avec la fertilisation organique (fiente de poules pondeuses) sur les performances zootechniques de tilapia.
IC;Essai de substitution du tourteau de coton par les feuilles de  zizyphus mauritiana enrichi à l’urée pour l’engraissement des caprins  dans la région de l’Extrême-Nord Cameroun. 
IC;Incubateur et productivité des poules villageoises : cas de la ferme agropastorale de Foullouwayna  du CODAS CARITAS de Yagoua.  
IC;Essai de substitution du maïs par le sorgho CS 54 germé dans la l’alimentation des poulets de chairs. 
IC;Effet de la substitution partielle de la farine de maïs par la farine de cabosse de cacao sur les performances de croissances et de survie des alevins de Cyprinus carpio.
IC;Evaluation des performances du sorgho Mandjéri dans l’alimentation des poulets de chairs.  
IC;Valorisation des sous-produits agricoles dans la pisciculture dans le Département de la VINA.
IC;Effet de la densité sur les performances des larves de la carpe commune en système hors sol, fertilisé à la fiente de poule et supplémenté à l’aliment artificiel. 
IC;Influence des médicaments utilisés en prophylaxie sur les paramètres zootechniques et sur la santé des Lapins : cas de la ferme expérimentale de Nkolbisson.
IC;Influence de l’alimentation (bale du riz, son de maïs et tourteau du coton) sur la production laitière à Maroua- Cameroun. 
IC;Étude de la production laitière des vaches dans les zones périurbaine de N’Djamena. 
IC;Enquête épidémiologique de la brucellose dans la région de l’Ouest cas de l’arrondissement de Koutaba.
IC;Reproduction des clarias
IC;Pasture resources in PETE sub division of the Far-North Region of Cameroon.
IC;Effet compares de incorporation de deux fourrages : Azadirachta indica et Arachis hypogaea sur les performances de reproduction des lapines et de la viabilité des lapereaux dans une ferme cunicole du département du Diamaré. 
IC;Élevage des petits ruminants et circuits de commercialisation de la viande des petits ruminants dans l’arrondissement de Maroua II.
IC;Effet de l’incorporation des épluchures de concombre sur les performances de croissance des lapereaux après sevrage.
IC;Innovation locale : utilisation du « kanwa » (sel gemme) pour réduire le goût amer du chocolat
IC;Formulation du concentré sucré du lait de soja
IC;Transformation de la mélasse en produits de la distillerie
IC;Influence de la matière première et du procédé sur la qualité hygiénique et sensorielle du « kilishi »
IC;Amélioration du rendement de la matière grasse des graines de coton à l'extraction et analyse des pertes raffinerie.
IC;Évaluation des apports nutritionnels et accès des aliments par les enfants de 6-59mois dans les familles dans le camp des réfugiés de Minawawo.
IC;Management des risques qualité organoleptiques de la bière
IC;Amélioration du fonctionnement de la station Cleaning In Place (CIP) automatique en salle de brassage 
IC;Valorisation des balles de riz (Oryzasativa) par la fabrication briquettes combustibles en vue de l’étuvage du riz 
IC;Étude de l’origine de pourritures des tubercules des pommes de terre (Solanum tuberosum) et proposition d’une méthode de conservation : cas de coop CA Babajou
IC;Maîtrise de la qualité microbiologique de la bière en filtration
IC;Structuration des organisations féminines transformatrices de Karité : cas Belacd-caritas  de SARH au Tchad
IC;Autonomisation des personnes vulnérables à travers l’agriculture
IC;Impact de l'approche HIMO sur la réduction de la pauvreté dans les zones bénéficiaire. Cas de Wina et de Gobo
IC;Analyse de la chaîne de valeur de l’oignon dans le bassin de production de Doumourou dans le Département du Mayo-Kani Région de l’Extrême-Nord
IC;Analyse des performances technico économiques des exploitations familiales agricoles dans le département de Mayo Tsanaga Extrême-Nord Cameroun accompagnées par le comité  diocésain de développement
IC;Impact de la certification sur les performances des systèmes Agroforsterie à base de Cacao (SAFC) traditionnels au centre Cameroun
IC;Autonomisation des producteurs du département de la Bénoué (Garoua) par la pratique du warrantage
IC;Retombées socio-économiques de la modernisation de la filière Neem dans la localité de Maroua
IC;Test d’adaptabilité  de quelques  variétés de niebé dans la localité Mayo Meessala
IC;Inventaire des syrphidea (Diptère) en rapport avec les ressources florales dans la zone agricole de Meskine (Extrême-Nord Cameroun)
IC;Impact des biopesticides sur les cultures maraîchères
IC;Impact du calendrier de culture sur le rendement du riz (oryzasatva)
IC;Vegetative Propagation By Cuttings Of Selected Clones Of Robusta Coffee(Coffeacanephora) In Different Rooting Substrates
IC;Évaluation agronomique de 4 variétés de sésame introduite en zone  soudano sahelienne
IC;Effet du poids de la graine et du niveau de fertilisation sur la croissance de l’anacardier
IC;Faisabilité de la culture des Sorghos pluviales en contre saison dans la zone soudano sahélienne: Cas de Maroua
IC;Étude de l'activité biopesticide des extraits poudreux des plantes dans la conservation du niébé (Vigna unguiculata ) dans la région de l'Extrême-Nord Cameroun
IC;Performance agronomique de la culture de la laitue en pot fertilisé aux extraits organiques
IC;Effet de trois modes de prélèvement des semences à l’épi sur la croissance et le rendement d’une variété de de maïs (Zea mays l.)  dans le littoral Cameroun : IRAD de Njombé
IC;Répercussions des visites florales d’insectes sur la pollinisation et les rendements d’Abelmoschus esculentus (Malvaceae) à Nkolbisson (Yaoundé, Cameroun)
IC;Adaptabilité agromorphologique  de  5 variétés d’oignons de saisons pluvieuse dans la zone soudano-sahélienne de l’Extrême-Nord Cameroun
IC;Réponse a la croissance et au rendement de trois variétés du haricot vert  soumises à trois itinéraire techniques (14 23 14 ,7 18 30, 14-23-14+ solupotasse) sur un andosol à l’ouest Cameroun : cas de la localité de Foumbot
IC;Impact des types de fertilisants : chimiques,  organiques et biologiques et des modes d'approvisionnement  en eau sur 5 variétés de pommes de terre. Cas de Maroua, Extrême-Nord.
IC;Effet de la substitution dans la ration alimentaire du maïs par les épluchures de patate (Ipomoea batatas) sur les performances de reproduction des lapines (Oryctalagus cuniculus domesticus) en zone soudano-sahélienne.
IC;substitution du maïs par le mil rouge dans l’alimentation des poulets de chair
IC;Performances de croissance des chèvres du sahel supplémentés avec du fourrage ligneux
IC;Étude comparée de l’effet  de différents taux de supplémentation des asticots vivants sur les performances zootechniques des alevins du poisson-chat africain, Clarias gariepinnus (Burchell, 1822)
IC;Substitution du tourteau de soja  par la farine de niébé blanc dans l’alimentation des poulets de chair.
IC;Étude comparative de deux types  d'aliments (tourteaux de sésame et pelure de patates) sur les performances zootechnique des lapins après le sevrage
IC;Effet de la substitution du son de maïs par les drêches de bili-bili (séchées) sur les performances de croissance des mouton dans la ferme ovine de SCOOPSIPOMA
IC;Effet de la farine de luzerne supplée à l’aliment des lapines allaitantes sur la croissance des lapereaux
IC;The comperative study of the effect of 2 rations :Bidens pilosa(Black jack)and Cynodon dactylon(Bahama grass)on the zootechnical performances and Carcass characteristics of fattened goats
IC;Évaluation du taux d'éclosablilité et qualité du poussin d’un jour dans la ferme NGV/TRACO
IC;Effet de trois rations à base de banane sur la croissance des jeunes porcs en zone côtière
IC;le parasitisme d'Apis mellifera et son effet sur la production de miel
IC;"Étude comparative  des rations supplémentées aux plantes tropicales (Azatirata indica ; Ipomea pes caprae ; Manguifera indica) comme fourrage afin d’améliorer les performances de croissance des lapereaux (Oryctolagus cuniculus) dans une ferme cunicole de Maroua. "
IC;Évaluation de la pression vectorielle dans les pâturages et les stratégies de lutte anti vectorielle mise en œuvre par les éleveurs dans l’arrondissement de Pétté, Extrême-nord Cameroun
IC;Effets comparés de l'hormone synthétique (OVAPRIM) et de l'hormone biologique (hypophyse)sur les performances de la reproduction de Clarias gariepinus.
IC;Phenotypic (Physical And Morphometic) Characterisation Of Indegenous Pig Breeds In Three Regions Of Cameroon (Centre, Far North And West Regions).
IC;Efficacité technico-économique d’embouche à base des sous-produits agro-industriels : cas du coton
IC;Effet des fertilisants organiques sur le mode de propagation (semi et bouturage) d’Artemisia annua en pépinière et en champ
IC;effets des substrats et les modes de semis sur la croissance et le développement duS dans la culture du sorgho
IC;Essai d'alimentation à base de Piliostigma Thonningii et de Faidherbia albida en système intensif d'embouche bovine dans la zone sub-humide et semi-aride du Cameroun
IC;Évaluation du potentiel fixateur d’azote de dix (10) accessions d’arachide (Arachis hypogaea) dans la Région de l’Extrême-Nord Cameroun
IC;Effet des milieux de cultures sur les paramètres bio morphologiques de  Fusarium oxysporum sp de niébé et leur pathogénicité
IC;Résiliation des producteurs agricoles et enjeu économique : cas du département de Mayo Sava
IC;Test d’efficacité  de cinq (05) extraits de plantes pour la lutte contre certains ravageurs du sorgho ( Sorghum bicolor)
IC;Effet de la substitution de la farine de poisson par la farine d’asticots sur les performances zootechniques de croissance des poulets de la race Brahma.
IC;Analyse de la performance technico-economique des producteurs des carottes dans le Département du Diamaré
IC;Effets de la farine d’asticots sur les performances Zootechniques de Clarias
IC;Évaluation des effets de deux hormones sur le greffage du cacaoyer (Theobroma cacao l) dans la localité de Nkoemvome ( Sud Cameroun)
IC;Évaluation du potentiel  d’un inoculum rhizobium commercial par rapport  à l’efficiente symbiotique  sur 02 espèces de légumineuses (Vigna unguiculata et Glycine max)
IC;Diversité des fusarium spp responsables de la fusariose du Striga chez le sorgho (Pennisetum glaucum)  à l’Extrême-Nord Cameroun
IC;Conservation de la carotte (Daucuscarota) à travers deux techniques : le séchage et le saumurage
IC;Exploitation des pelures de manioc et élimination du cyanure par des techniques endogènes
IC;Effet de la farine d’asticot sur les performances zootechnique du lapin
IC;Adaptabilité de 08 lignées de riz irrigués en réponse avec les différentes doses de NPK dans le bassin de production de Lagdo.
IC;Effet d'un biofertilisant associé au thé de compost sur la croissance et le rendement de gombo dans la zone péri-urbaine de Maroua( Extrême- Nord, Cameroun)
IC;Évaluation des productivités des facteurs contraignants à la production des bulbes d’oignons dans la Région de l’Extrême-Nord
IC;Évaluation des effets des biopesticides produit à base d’un extrait aqueux de piment, tabac et leurs effets combines contre les pucerons du gombo (Abelmoschus esculentus) dans l’Extrême-Nord localité de zala
IC;Test de Fertilisation à base de l’urine humaine (comparaison avec les autres fertilisants : fientes de poules et engrais chimique) : Cas du maïs (Zea mays)
IC;Évaluation des performances zootechniques des actifs productifs et amélioration de la résilience des ménages vulnérables dans le Département du Mayo-Kani
IC;substitution du cocktail d’épices par les huiles essentielles dans le procédé de fabrication du Kilishi et du Kilishi en farce
IC;Étude de l'activité phytohormonale (auxine et cytokinine) et l'effet du substrat sur le bouturage de Artemisia annua
IC;Production des asticots dans localité de Maroua : étude de quelques facteurs d’influence
IC;Évaluation de la qualité hygiénique et nutritionnelle du lait cru utilisé par la SOTRALAIT SA Maroua
IC;Adaptabilité de six variétés de tomates par la technique de bouturage
IC;Niveau d’appropriation des outils de gestion et performances des  EFA de l’observatoire
IC;Essaie de capture, transfert et élevage des colonies d’abeilles du genre apis Mellifera adensoni pour la production du miel de qualité dans la zone périurbaine de Maroua (Extrême Nord Cameroun)
IC;Caractérisation des EFAs de l’observatoire et enjeux économiques de leur exploitation
IC;Évaluation de l'effet du substrat sur la levée et la croissance de l'igname (Dioscorea rotundata spp) en miniset
IC;Évaluation de l'effet des fertilisants minéraux et des fertilisants organiques sur la productivité du maïs dans la localité de Njombé
IC;Efficacité économique et rentabilité financière des unîtes de production de tomate dans le département de Diamaré
IC;Production d’un vin blanc d’anacardier
IC;Modèle de consommation alimentaire des ménages ruraux et sécurité alimentaire
IC;Effets des substrats, des hormones et la provenance sur  l’enracinement de poivrier (Piper nigrum.L)
IC;Pratiques innovantes pour  la lutte contre les ravageurs du cacaoyer dans la localité de MFomo
IC;criblage des variétés de sorgho pluvial (Sorghum bicolor) a doubles usages contre Striga hermonthica
IC;Évaluation de la qualité microbiologique et nutritionnelle des produits laitiers (yaourt, beurre, fromages, crème glacée)
IC;Étude comparative de deux méthodes d’aménagement des parcelles agricoles : méthode classique (ancienne) et la méthode nouvelle.
IC;Dimensionnement hydraulique des ouvrages des ouvrages d’art (cas des dalots sur les Mayo) de la route Makalingai-Tokombéré dans a région de l’extrême Nord.
IC;Étude technique et financière de la réhabilitation du réseau d’alimentation en eau potable et d’évaluation des eaux usées de la CNRPH de Yaoundé.
IC;Étude hydrologique et hydraulique des ouvrages de franchissement et longitudinaux sur la route Maroua-Mora.
IC;Études spécifiques des travaux de construction des drains principaux dans la ville de Maroua : cas des quartiers Pitoiré et Doursoungo.
IC;Étude de faisabilité pour la réalisation d’un système d’approvisionnement en eau potable simplifiée (AEPS) et gestion des eaux de pluie dans les projets d’aménagement : cas des cent (100) logements sociaux de Maroua.
IC;Études hydrologiques et hydrauliques des ouvrages de franchissement dans la ville de Maroua : cas de deuxième pont Makabai sur le Mayo Tsanaga.
IC;Contribution à l’amélioration du réseau d’alimentation en eau potable de la ville de Maroua.
IC;Conception du système d’assainissement en eau potable en vue d’améliorer les conditions d’accès à l’eau potable dans la commune de Koutaba : cas des villages Koumenke.
IC;Évaluation du système d’irrigation goutte à goutte de la culture de tomate : cas de la ferme agropastorale de Foulouwayna à Yagoua.
IC;Diagnostic du réseau existant et optimisation de la gestion de l’eau dans les périmètres rizicoles de la SEMRY : cas du casier III du périmètre de la SP 21.
IC;Études diagnostic et amélioration d’un système d’approvisionnement en eau potable dans l’arrondissement de Koutaba : cas des villages Didango, Koumelap, Koutaba, Leposerie, Ngoundoup, Koundja.
IC;Aménagement d’un périmètre irrigué pour la culture de banane plantain dans la localité de Njombé-Penja.
IC;Dimensionnement d’un réseau d’AEP couplé au système d’informations géographiques : cas du tronçon Nkometou-Soa sur le projet paepys
IC;Caractérisation hydrologique des sites potentiels pour la construction des barrages de retenue d’eau dans la région de l’Extrême Nord.
IC;Risques sanitaires et environnementaux liés à la pratique de la riziculture dans la localité de Pouss(Extrême Nord Cameroun).
IC;Route et prévention contre les effets néfastes de l’eau (projet de réhabilitation de la route bitumée Maroua-Mora).
IC;Accès à l’eau potable, à l’assainissement en milieu rural des points d’eau : cas de la commune de Kar-Hay.
IC;Assessment of the bacteriological quality of drinking water in Limbe and it’s heath impact case study: spring and boreholes.
IC;Étude hydrologique et dimensionnement hydraulique d’un ouvrage de franchissement sur la route Yaoundé – Kribi : Olama – Bingambo (108km).
IC;Le lac municipal d’Ebolowa, un réservoir parasitaire à risque pour la santé humaine et environnementale.
IC;Bio-évaluation de l’eau des rizières de la localité de Pouss (Extrême-Nord, Cameroun) en vue de la pratique rizipisculture.
IC;Analyse de l’offre et de la demande des services d’assainissement liquide dans la région de l’extrême Nord (cas de Mokolo).
IC;Risques environnementaux et sanitaires liés à la gestion des déchets hospitaliers : cas de l’hôpital de district d’Akonolinga
IC;Techniques d’approche IECCC pour l’amélioration de l’environnement sanitaire et humain des populations du Mayo Kaliao, arrondissement de Maroua 1er : cas du quartier Pitoaré. IECCC : Information, Education, Communication pour le Changement de Comportement
IC;Évaluation physico-chimique et bactériologique des eaux de boisson du quartier Nkomo.
IC;Concentration, biodisponibilité et évaluation du niveau de risque lié aux métaux lourds dans le lac Maga, Extrème-Nord Cameroun.
IC;Recherche des métaux lourds dans les poisons des canaux rizicoles de Pouss.
IC;Proposition d’un système d’assainissement liquide pour les logements sociaux de Beka Matari de la ville Ngaoundéré Région de l’Adamaouaa .
IC;Qualité physico-chimique des eaux du lac Maga(EN) et évolution des risques pour la santé liés aux protistes Giardia et Cryptosporidium.
IC;Approvisionnement en eau potable et assainissement en milieu rural pour un développement durable.
IC;Étude diagnostique des pratiques d’hygiène et assainissement, et estimation de risque sanitaire dans la ville de MAROUA : cas des quartiers Doualaré et Pont-Vert.
IT;Distribution of Lighting Strikes in Cameroon using Earth Networks System from April to July 2021
IT;Performance des modèles numériques dans la simulation des précipitations à l’échelle intra-saisonnières au Cameroun : application aux événements extrêmes (inondation)
IT;Performance des modèles numériques sur la simulation des précipitations à l’échelle saisonnières en République Démocratique du Congo : application au paludisme
IT;Diffusion des prévisions agro-météorologiques au moyen de l’application  AGROMET
IT;Évaluation des risques et Proposition d’un réseau d’alerte pour la protection contre les inondations du fleuve Logone dans la ville de Ndjamena : cas du 9eme arrondissement de 2000 à 2020
IT;Étude hydrologique des bassins versants de Maroua et Guider pour le dimensionnement en vue de l’implantation des panneaux solaires
IT;Conception d’un logiciel de décodage des messages météorologiques
IT;Évaluation des propriétés hydrauliques des aquifères du socle du bassin versant du Mayo-Tsanaga (Extrême-Nord Cameroun)
IT;Performance des modèles numériques sur la simulation des précipitations à l’échelle saisonnières : cas des événements extrêmes des précipitations sur l’Angola
IT;Impact du changement climatique sur les ressources en eau de surface : cas du Logone à Laï
IT;Évaluation de la productivité de la ressource en eau pour les usages domestiques et agricole dans le bassin versant d’Awout à Messam
IT;Analyse comparée entre les données de la station synoptique automatique et les données de la station synoptique manuelle de l’aéroport international de Garoua
IT;Évaluation des apports en eau et pilotage de l’irrigation sur un Hectare d’aménagement hydro-agricole : Cas du périmètre rizicole de Mansen, arrondissement de Bangourain, département du Noun, Région de l’Ouest Cameroun
IT;Gestion de l’eau de Mare pour l’irrigation dans le Logone et Chari
IT;Analyse de la dégradation physique du sol dans les parcelles de l’école technique d’agriculture de Maroua
IT;Performance des modèles numériques sur la simulation des précipitations à l’échelle saisonnières : application à l’agriculture
IT;Conception d’un appareil de mesure automatique du niveau des eaux souterraines
IT;Approvisionnement Durable en Eau Potable Simplifiée : Soulédé-Roua
IT;Traits caractéristiques des saisons sèches et humides du site aéroportuaire de Yaoundé-Nsimalen.
IT;la croissance économique au Cameroun face aux variabilités climatiques observées au cours de la période 2009-2021       
IT;Épaisseur des couches (925-850hpa), (850-700) et type de temps associé à la station de Garoua durant la période avril-juillet.
IT;Variabilité intra saisonnier des précipitations dans la ville de Douala : cas d’étude du mois d’Août 
IT;Inondations du 12 Août et du 1er septembre 2021 sur la ville de Douala : Variabilités des paramètres clés 
IT;Conception d’un système de collecte de données pluviométriques 
IT;cisaillement du vent à l’aéroport de Garoua durant la période avril-juillet
IT;Les paramètres prédicteurs des précipitations dans la ville de Yaoundé
IT;Time series analysis of cumulonimbus clouds on Nsimalen-Yaounde. case study: the month of October
IT;Essai de caractérisation des pluies enregistrées à la station de Yaoundé-Nsimalen durant l’année 2020
TSM;Evolution de la température dans la ville de Garoua de 1991 à Août 2021
TSM;Analyses of the vertical profile of humidity from radiosonde soundings launched from the garoua meteorological station from april to july 2021
TSM;Evolution des températures à Douala durant la Période de 1991 à 2020
TSM;Prévision des systèmes d’acquisition de données pour une météorologie nationale productive au Cameroun
TSM;Droit, collecte, traitement et conservation des données météorologiques au Cameroun
TSM;Analyse horaires et prévision de décollage : cas de l’aérodrome de Yaoundé-Nsimalen
TSM;Étude comparée des conditions thermiques et pluviométriques représentatives du climat actuel dans la ville de Garoua de 1991 à 2020
TSM;Analyse du profil vertical du vent issu des radiosondages à la station de Garoua pendant la période d’avril a juillet 2021
TSM;Étude de la fréquence d’occurrence des phénomènes météorologiques dangereux sources d’incidents aéronautiques à l’aéroport international de Yaounde-Nsimalen
IT;Caractérisation hydrogéologique des aquifères dans la zone de Tokombéré
IC;Dimensionnement d'un bassin de recueillement dans localité de Zina dans la région de l'extrême nord Cameroun
IC;Place de l'eau de boisson dans la recrudescence des calculs urinaires dans la ville de Maroua (Extrême-Nord, Cameroun
IC;Étude de la qualité des eaux utilisées à l'Hôpital Régional de Maroua (Extrême-Nord Cameroun
IC;Analyse situationnelle de l'assainissement dans la commune de Maroua III
IC;Analyse situationnelle de l'assainissement dans la ville de Maroua Extrême Nord Cameroun : cas de I 'arrondissement de Maroua II
IC;Conception et dimensionnement d'un forage pastoral alimenté par énergie photovoltaïque : cas de Baiga, arrondissement de Tchatibali
IC;Étude hydraulique d’un barrage dans la localité de Touloum.
IC;Caractérisation hydrogéophysique et hydrodynamique des aquifères dans l’arrondissement de Ngwei
IC;Étude d'impact du climat sur les barrages dans la Région de l'Extrême Nord Cameroun
IC;Optimisation d’un réseau de drainage d’une plateforme de poste électrique par procédure multicritérielle : cas du poste 225 kV du barrage de Natchigal
IC;Contribution à l'amélioration de la gestion des effluents liquides à l'Hôpital Régional de Maroua
IC;Étude hydrologique et hydraulique des ouvrages de franchissement dans le cadre du projet de réhabilitation de la route Maroua-Mora : cas du dalot à double section du PK 45+800
IC;Identification et prévention des menaces liées au tarissement des mares dans le parc national de Waza
IC;Conception et dimensionnement d'un système d'assainissement des eaux usées et pluviales au CNRPH dans le cadre dc la construction des nouveaux bâtiments
IC;Conception et modélisation des réseaux hydrauliques dans le bâtiment siège du centre des archives de la Cour Suprême R+7+l SS : Yaoundé Cameroun
IC;Dimensionnement d'une digue de ceinture en terre contre les inondations dans la localité de Zina, Département du Logone et Chari, région de l'extrême nord Cameroun.
IC;Dimensionnement des ouvrages d'accès et la gestion des eaux à l'intérieur de la digue de protection en terre dans la localité de Zina
IC;Dimensionnement d'un système d'alimentation ct d'évacuation d'un bâtiment à usage d'habitation (R+4) Nom II- Yaoundé.
IC;Études techniques en vue de la réalisation d'un système d'adduction en eau potable à Dana, Commune de Yagoua, département de Mayo-Danay
IC;Diagnostic et proposition d'un réseau d'adduction en eau des étangs piscicoles dans la ferme Agropastorale à Yagoua
IC;Conception et dimensionnement du réseau d'alimentation en eau potable : cas de la comme de Ntui
IC;Évaluation des rejets liquides et proposition d'un système de réhabilitation de la station d'épuration du cam sic cité verte Yaoundé
IC;Évaluation des risques sanitaires et environnementaux liés à la défaillance de certains ouvrages d'assainissement à l'hôpital régional de Maroua dans l'Extrême Nord Cameroun
IC;Études spécifiques des travaux de constructions des ouvrages de franchissement sur la route de Maroua-Mora : cas des buses sur le tronçon PK 29+506 dans la localité de Mokio
IC;Étude diagnostique des ouvrages d'approvisionnement en eau potable et assainissement dans la localité de
IC;Diagnostic et conception d'un système d'irrigation par aspersion pour une culture de manioc sur une surface de 1.5ha (cas de l'IRAD de Mbalma o)
IC;Étude technique d'aménagement d'un périmètre hydroagricole dans l'arrondissement de Zina : bloc I du sous casier AO de 1215ha
IC;Étude des risques sanitaires liés aux défécations à l'air libre : cas de la commune de Touloum
IC;Étude de l'assainissement liquide dans la ville de Maroua : inondations et maladies liées à l'eau.
IT;Réalisation d’un forage équipé d’une pompe solaire à usage pastoral et mini-AEPs: cas de l’arrondissement de Guidiguis, localité de Sirlawe.
IT;Diagnostic de l’indisponibilité spatiotemporelle de l’eau pour l’élevage dans le canton de Lara : stratégie d’adaptation
IT;Dimensionnement d’un réseau d’adduction en eau potable, d’évacuation d’eau usées et pluviales et recyclage des eaux de pluies en vue de leur utilisation dans un bâtiment de type 2 sous-sol R+2 à usage d’habitation.
LSI;Réalisation d’un forage à motricité humaine à GASCHIGA
LSI;Étude des méthodes de réalisations forations à boue et marteau fond de trou dans la localité de MOKON
IT;Analyse et diagnostic des dysfonctionnements des forages réalisés dans la commune de Touloum
IT;Contribution à l’entretien et à la sauvegarde d’une mare d’eau artificielle : cas de Djingliya dans la commune de Koza.
IT;Dimensionnement d’un système d’irrigation gouttes à gouttes sur un hectare pour la culture du maïs : cas de la ferme semencière de Gazawa.
IT;Diagnostic des sources de dysfonctionnements des forages dans le canton de Zouelva.
IT;Etude d’un projet de forage pastoral à énergie solaire.
IT;Assainissement et drainage d’une mini-cité d’habitation dans la commune de Maroua Ier(Domayo).
IT;Réalisation de deux forages équipés de pompe de motricité humaine dans la localité de Magdeme arrondissement de Mora, département de Mayo-Sava, région de l’Extrême-Nord
IT;Étude de faisabilité pour la mise en place d’un système d’irrigation alimenté par une pompe solaire : cas de Bizili dans la commune de Touloum.
IT;Caractérisation hydrogéologique et hydrodynamique des aquifères dans l’arrondissement de Ndoukoula : cas de la  localité de Loulou et Gawel.
IT;Étude de la mise place d’une adduction d’eau potable alimentée par une source d’énergie solaire : cas de la localité de Moutourwa, département de Mayo-Kani, région de l’Extrême-Nord.
IT;Système de gestion des points d’eau existants dans la zone septentrionale : cas des communes de Maroua Ier, Maroua II et Maroua III.
IT;Étude d’avant-projet de réalisation d’un système d’abreuvoirs alimenté par une pompe solaire : cas du village Aissa-Harde
IT;Impact socio-sanitaires et environnementaux des déchets liquides dans les mini-cités de Maroua.
IT;Évaluation de la connaissance, attitude et pratique du personnel soignant pour la prévention des infections nosocomiales à l’hôpital régional de Maroua
IT;Impacts sanitaires et socio-économiques des inondations sur les habitants de Maroua (cas de Doualaré et Ouro-tchédé).
IT;Risques sanitaires et impacts écotoxicologiques liés aux déchets solides hospitaliers.
IT;Redimensionnement et apport de solution du réseau d’alimentation en eau potable de l’hôpital régional de Maroua
IT;Étude diagnostique des forages en vue de leur réhabilitation/transformation en mini-AEP dans la commune de Kaélé.
LSI;Étude des méthodes de réalisations forations à boue et marteau fond de trou dans la localité de MOKON
LSI;Réalisation d’un forage à motricité humaine à GASCHIGA
IT;Impact  des   subventions    publics dans l’amélioration des conditions de vie des organisations paysannes : cas de PCP-ACEFA
IT;Analyse de la compétitivité de la production du riz dans l’arrondissement de kousseri
IT;Atouts et limites des AVEC (association villageoise d’épargne et de crédit) au sein de la communauté de Mokolo
IT;Analyse des performances technico-économique des exploitations familiales dans le mayo-tsanaga
IT;Évaluation technico-économique d’un projet de production de 135 Tonnes de maïs sur une superficie de 45 hectare par les membres du GIC référence de Lainde Daneyel
IT;Analyse technico-économique de la production paysanne du sorgho sp dans la localité de Mokolo
IT;Évaluation des quelques paramètres agronomique de la variété rio grand de la tomate sous l’effet des différents éléments fertilisants dans la localité de meskine
IT;Évaluation de la rentabilité économique des exploitations familiales agropastorales dans le cadre du programme ACEFA :cas de l’arrondissement deNgaounderé I
IT;Effet de la durée en pépinière sur la reprise et le développement de la plante d’anacarde dans la localité de Bogo
IT;Étude comparative des modalités de travail du sol et leurs influences sur le Riz(VAR IR46) : cas d’un périmètre irrigué de Yagoua
IT;Facteur d’échecs et de réussite de la promotion des cultures maraîchère dans la localité de Kismatari-Nord et Biziligasawa-Extrême-Nord
IT;Effets des insectes ravageurs sur la production du riz de la variété nerica 3 en culture pluviale :cas de l’ordre des lepidoptères et des odonates dans l’agrosystème rizicol de Guiring.
IT;Études de l’adaptabilité de trois variétés de tomates dans l’arrondissement de Maroua 1er
IT;Impacts des insectes ravageurs(cas des coléoptères) sur le riz pluvial de variété NIRICA III
IT;Évaluation des connaissances des agriculteurs sur l’usage des pesticides utilisés en cultures maraîchère dans la ville de maroua :cas de Meskine,garde et ziling
IT;Comparaison de l’adaptabilité d’anacard en fonction de provenance dans la localité de Bogo(Extreme-nord Cameroun)
IT;Effets des insectes ravageurs(diptères et orthoptères) sur la production de la variété du riz pluvial nerica 3 dans l’agroécosystème de Diamaré.
IT;Diagnostic de la filière semence maïs.
IT;Étude comparative des 7 lignées F5 du cotonnier issues du programme de sélection 2019/2020, au témoin vulgarisé IRMA Q302 : cas de kodek(Extrême-nord Cameroun
IT;Évaluation du comportement des lignées F7 du cotonnier de série H issues du programme de sélection de la section coton aux variétés témoins vulgarisées IRMA Q302 et IRMA L457 : cas de la zone de kodek(extrême-nord)
IT;Mise en place d’une gestion de lutte contre les ravageurs et nuisibles :cas de l’huilerie de la SODECOTON de Maroua
IT;Effet des insectes ravageurs sur la production du Riz nerica 3 en culture pluviale dans l’agrosystème de Diamaré : cas des hémiptères et hymenopteres
IT;Impacts des extraits aqueux des graines de Neem sur le Physoderma  du maïs 
IT;Caractéristiques agronomiques des trois variétés de pomme de terre dans le bassin de production de Rhumzou(Mayo-Tsanaga)
IT;Epidémiologie du physoderma du maïs et de la pourriture des tiges par Yamagui Rita
IT;Les mesures de biosécurité dans la ferme porcine de la Fondation Bethléem de Mouda.
IT;Appétence d’ un Fourrage Vert Cas De Eratica Espera
IT;Effet de Ipomoea pes-caprae à différente dose sur les paramètres zootechniques du lapin
IT;Étude des quelque facteurs influencent la réussite de l'insémination artificielle :cas des bovins dans l'arrondissement de ngaoudere 1ere.
IT;Les colorants alimentaires naturelles et leurs utilisations sur les produits laitiers : Essais sur le yaourt brassée et la crème glacée
IT;Essai de formulation de biscuits à base souchets (Cyperus esculentus L.)
IT;Production et caractérisation du jus de Carissa edulis
IT;Analyse technico-économique de la production soja dans l’arrondissement de Mokolo
IT;Appui du gramme ACEFA et autonomisation des organisations paysannes dans le département du Logone et Chari :cas de l’arrondissement Logone-Birni, Kousseri et Makary
IT;Impact socio-économique du conseil offert aux groupements accompagnés par le programme PCP-ACEFA : cas de Makary
IT;Analyse technico-économique de la production de la tomate dans l’arrondissement de Mokolo :contraintes et stratégie d’acteurs
IT;Évaluation des membres des organisations de producteurs sur le fonctionnement et le mode de gestion
IT;Sécurité alimentaire dans l’arrondissement de Maroua 1er : état des lieux et stratégie d’amélioration
IT;Effets du financement sur les exploitations familiales agropastorales(EFA) : cas des AFA accompagnés par le PCP-ACEFA dans le diamaré
IT;Évaluation du mécanisme d’octroi du crédit agricole et leur recouvrement à la SODECOTON de Maroua 2
IT;Analyse de l’impact du COVID-19 et résilience économique : cas de la filière tomate dans le département du Diamaré
IT;Production du sorgho pluvial : analyse de gestion de la production dans le département du Mayo-Tsanaga : cas du CROPSEC
IT;Contribution du PRODEL dans la promotion du développement socio-économique des populations démunies du Diamaré :cas de la commune de Maroua 1er
IT;Diagnostic organisationnel et technique du groupement des producteurs de soja de Mbikem
IT;Étude technico-économique des organisations paysannes :cas de la scoops de tchoffabani
IT;Étude de l’adaptabilité de 0 accessions de sorgho pluvial dans la zone soudano-sahélienne
IT;Étude comparative de deux variétés du sorgho dans la ferme semencières de Gazawa
IT;Évaluation des performances agronomiques de six accessions de sésame collectées  dans la région  de l’Extrême Nord
IT;Analyse de la performance économique de la filière Anacarde dans le Département de Diamaré
IT;Étude de la rentabilité d’une entreprise cas de Ets SOTRALAIT
IT;Rentabilité d’une ferme : cas de la ferme agropastorale de Foulwayna à Yagoua.
IT;Évaluation de l’efficacité biologique des extraits de plants pour le contrôle de la chenille sur le la culture du sorgho pluvial
IT;Caractérisation Agromaorphologique de 03 cultivars du niébé dans le Département  de Mayo Tsanaga.
IT;Effet comparé de quelques performances  zootechniques des alévins  élevés en étang fertilisé
IT;Étude comparative des lignées F7 représenté par la série du cotonnier issues du programme de la sélection en année 1 (EVA1)) de la campagne 2020/2021 aux témoins vulgarisés IRMA Q302 et IRMA L457 : cas de Kodek Extrême-Nord Cameroun
IT;La culture du sorgho pluvial dans la localité de Katoual, Ville de Maroua
IT;Effet des dimensions de Trouaison sur la reprise de la croissance de l’Anacarde à You
IT;Caractérisation agromorpholique de 09 accessions de Souchets sous l’effet de la cendre et d’un fertilisant minéral à l’Extrême-Nord
IT;Professionnalisation des organisations paysannes dans la localité de Koza
IT;Effets de deux de fertilisants chimiques : Uré à 46% d’N et le NPK sur la croissance et développement des bananes dans le bassin versant de TGODJO
IT;Screening des contraintes inhérentes à la production des semences de Niébé dans la frme de multiplication et de production de semence à GAZAWA
IT;Étude des facteurs déterminants la demande du riz sur le marché (Extrême Nord)
IT;Impact des maladies cryptogamiques sur la culture du Niebé dans la zone de Mokolo
IT;Essai de formulation d’une ration alimentaire à base d’ingrédients locaux à moindre coûts pour vaches laitières 
IT;Amélioration de l’incubation en cuve en vue de l’optimisation du rendement de la production à SOTRALAIT
IT;Adaptabilité de trois espèces de Baubou pour la restauration des sols dégradés dans la ville Waza
IT;Influence de la densité et des paramètres physicochimiques de l’eau sur la croissance et la survie des alevind dans la ferme avicole et aquacole du septentrion
IT;Amélioration organoleptique du beurre produit à SOTRALAIT
IT; Amélioration et standardisation des propriétes organoleptiques du yaourt ferme MIRA
IT;Étude techno-economique de la production d’oignon dans le Département du Diamaré : Cas de Meskine
IT;Influence de quelques mesure de Biosécurité sur la santé et la qualité du lait de vaches dans l étable de la ferme du Septentrion
IT;Screening  des descripteurs de qualités des peaux et cuirs du déparasitage et du preszchage dans la ville de Maroua
IT;Analyse des effets socio-econo formation auprès des jeunes et des femmes dans le Département du Diamaré commune de Bogo
IT;Évaluation de l’adaptabilité et caractérisation Agro morphologique de 06 variétés du petit mil dans la zone Soudano sahélienne
IT;Utilisation du Regulateur de croissance sur le cotonnier en milieu paysan dans le secteur SODECOTON
IT;Capture et suivi des colonies d’abeilles dans les ruches modernes pour la reproduction de miel de qualité dans le bassin versant de Togodjo
IT;Étude comparative  de deux variétés du Niébé pour la résistance aux pucerons dans la région de l’Extrême-Nord
IT;Évaluation de la rentabilité financière de la production de 09 souchets dans la zone de l’Extrême-Nord
IT;Caractérisation morphologique de cinq noix de cajou sur la germination à Maroua
IT;Analyse Technoeconomique de la production du sorgho pluvial dans l’arrondissement de Maroua 1er
IT;Effet comparé de quelques pesticides biologiques et chimiques sur les attaques des chenilles légionnaires sur trois variété de maïs dans l’Extrême-Nord Cameroun
IT;Étude de l’utilisation des produits phytosanitaires par les producteurs de maïs dans l’arrondissement de MOKOLO
LSI;Étude des formules alimentaire pour l’embauche bovine
LSI;Mesure de Biosécurité , mise en places dans les fermes avicoles de Wouro
LSI;Étude de rentabilité technoéconomique des unité de stockage d’oignon dans le Département du Diamaré
LSI;Évaluation d’hygiène et biosécurité dans une ferme avicole de centre de formation Agropastoral et informatique de Marza
LSI;Analyse de la chaîne de valeur manioc dans la région de l’Est Cameroun
LSI;Effet des engrais NPK et PK sur la croissance du soja dans le Département du Mayo-Tsanaga
LSI;Adaptabilité de trois variétés améliorées de manioc à Sanguré
LSI;Évaluation de la méthodologie d’accompagnement des producteurs du coton
LSI;Analyse du niveau de fonctionnement des organisations des producteurs
LSI;Étude de l’effet des différentes formulations d’engrais minéraux sur la croissance et le rendement du riz dans les bas-fond de la vallée de la Bénoué
LSI;Effet de la plante Ortie sur les performances de ponte des poules pondeuses
LSI;Amélioration de la productivité et de la rentabilité du coton
LSI;Évaluation de la rentabilité économique de la production d’aubergine dans la localité de BAZZAMA
LSI;Renforcement de la résistance à la chaleur et des qualités sensorielles du beurre
LSI;Évaluation des performances agromorphologiques de deux variétés locales de morelle noire à Sangmelima
LSI;Essai de formulation du Kilishi en farce en vue d’une automatisation du procédé
LSI;Essai de caractérisation de cinq procédés de fabrication carnée de consommation directe
LSI;Conduite de l’embouche bovine dans le Département du Diamaré
LSI;Effets de la fiente de poule , lisier de porc sur les paramètre de croissance de pif de bananier plantain dans l’arrondissement de MFOU
LSI;Fabrication d’un fromage de type Emmental à base de lait de vache Thermise
LSI;La biosécurité dans un élevage de porc
LSI;Substitution  de soja Torrifié par le tourteau de soja dans l’alimentation des poulets chair : Effet sur les performances et sur la rentabilité économique
LSI;Amélioration des performances technico-économiques de la société coopérative simplifiée –Bray des Agroéleveurs de Maroua1er
LSI;Fabrication du compost pour rentabiliser la production du sorgho pluvial de la region de l’Extrême- Nord
LSI;Performances de ponte et qualité des œufs des poules babcock brown à base des épulchures de patates douces
LSI;Etat des lieux et condition de Biosécurité dans la ferme avicol AVISIEP
LSI;Formulation d’un aliment poulet de chair de la 5e à la 6è semaine de croissance
LSI;Gestion du magasin de stockage des céréales du GIC fermes dynamique des Agroéleveurs de Kalfou pour améliorer leur revenu
LSI;Effet d’un aliment formulé sur les performances zootechniques des porcelets jusqu’au stade de sevrage dans une ferme porcine à Makabaye
LSI;Amélioration des capacités de gestion d’une coopérative au sein de APDC : Cas de la coppérative des éleveurs des bovins de Tchabatchaba
LSI;Effet de l’extrait des feuilles de Neem sur la culture de mais à Gayak
LSI;Étude technique et économique de l’embauche ovine dans le Diamaré
LSI;Étude des effets combinés de densité et de dose d’engrais sur les paramètres agronomiques du riz de bas-fond 
LSI;Criblage variétale du niébé pour la précocité en zone soudano-sahielienne
LSI;Analyse Technico-économique de la production de la pomme de  terre dans la commune de Mogodé
IC;Dimensionnement de la chaussée et ouvrage de franchissement : cas de route N°1 Maroua –Moro entre pk10-pk20.
IC;Utilisation des matériaux locaux pour une conception intégrée par l’approche d’une architecture bioclimatique : projet de construction d’un centre commercial à Maroua au Cameroun
IC;Architecture écologique valorisation du patrimoine touristique au Cameroun à travers la conception d’un complexe touristique.
IC;Dimensionnement d’une structure de chaussée en béton bitumineux : cas du tronçon du centre hospitalier régional de Maroua long 1.2 km.
IC;Étude comparative entre le BAEL et l’EURO CODE 2. Cas pratique d’un bâtiment de type R+6 à usage d’hôtel  dans la ville de Yaoundé.
IC;Méthodes d’optimisation des travaux de construction et réhabilitation des routes revêtues : cas de construction et  réhabilitation des routes départementales de Garoua-Bénoué en cours de réalisation par l’entreprise croisière BTP.
IC;Étude technique pour la réhabilitation des route : cas des travaux de la voirie urbaine de Maroua lot 2, marché N°0005/M/CUM/CIPM-TR/2018.
IC;Valorisation du patrimoine architectural sahélien : cas de la construction du complexe touristique culturel dans la ville de Maroua.
IC;Conception du bâtiment en appliquant une démarche haute qualité environnementale : cas de projet de conception du marché frontalier a Tourou dans l’arrondissement de Mokolo.
IC;Conception, assainissement et dimensionnement des éléments de structure d’un stade annexe de football dans la ville de Maroua.
IC;Conception et dimensionnement d’un pont mixte acier-béton : cas du pont mayo Pintchoumba
IC;Étude de faisabilité d’un projet de génie civil : cas de la construction d’un centre commerciale au marché abattoir de Maroua.
IC;Conception et dimensionnement de la structure des bâtiments d’une résidence pour citer estudiantine dans la ville de Maroua sis à Zokok ladéo
IC;Architecture verte- architecture écologique : conception d’un complexe touristique dans la ville de Maroua.
IC;Projet de construction de la route Maroua –Bogo entre le pk15+000-pk18+000
IC;Étude de faisabilité technique et socio-environnementale du projet de construction du marché frontalier d’AMCHIDE, commune de kolofata, département du mayo Sava, région de l’extrême nord
IC;Conception et dimensionnement d’un bloc des logements sociaux dans la ville de Bafia.
IC;Conception des bâtiments  autonomes dans le cadre de la protection de l’environnement et de l’économie de l’énergie : cas des régions désertique.
IC;Conception et analyse des structures : cas d’un immeuble à usage multimédia et sportif (R+2) sis à Ndjamena.
IC;Étude technique en vue de la construction d’une route de longueur 2.9 km à  Garoua projet CAN 2021
IC;Réalisation des travaux de butinage du tronçon de route : Nkoumadjap-Nkolfong-Oveng dans l’arrondissement de Zoetele région du centre sud.
IC;Les normes de construction hôtelière au Cameroun : cas d’un hôtel de type 5*.
IC;Conception architecturale et dimensionnement de chaussée en zone sahélienne : cas de la route Maltam-Fotokol dans la région de l’extrême nord du Cameroun.
IC;Étude de dégradation précoce de la route en terre à l’extrême nord Cameroun : cas du tronçon  Yagoua-Tchaochai-Tchatibali.
IC;Étude du comportement d’une structure en hauteur vis-à-vis du vent : cas pratique d’un hôtel (SS+R+8) sis à Yaoundé lieu-dit Fougerol.
IC;Travaux de bitumage des routes : cas de la voirie urbaine de la ville de Maroua, quartier Djarengol, tronçon 2 (317ml).
IC;Étude technique des travaux d’entretien routier : cas de la voie école papyrus-collège le Nil au lieu-dit Logpom arrondissement de Douala 5e département de  Wouri, région du littoral.
IC;Conception et étude structurale d’un immeuble à usage d’habitation sous-sol R + 10 avec piscine sur toiture terrasse végétalisée dans la ville de Yaoundé
IC;Contribution au dimensionnement des structures de chaussée sur sol gonflants : application a la route de Maroua-Bogo.
IC;Protection de l’environnement à travers l’architecture bioclimatique : conception d’un centre d’accueil dans la ville de Maroua.
IC;Étude hydraulique et dimensionnement de la chaussée en vue de l’entretien de la route « borne fontaine Emena-lycée d’Emana-hopital deo gracias-carrefour parcours vita » dans la ville de yaoundé.
IC;Renforcement en équipement socio-éducatif au Tchad : projet de construction d’un complexe national de réinsertion des enfants de la rue à N’djamena.
IC;Utilisation des produits stabilisant dans l'entretien routier
IC;Analyses des effets de rupture de la digue du lac Maga et proposition des solutions techniques de lutte contre les inondations
IC;Réaffectation des valeurs culturelles africaine à l'architecture contemporaine : cas de la conception d'un stade de football dans la ville de Maroua 
IC;Le choix d'une structure de chaussée dans la zone sahélienne : cas de la route nationale n°1 (lot n°1 Maroua Mora)
IC;Études techniques en vue de l’aménagement et de bitumage de la route : cas du tronçon de route Balaza - Diguir Hodande (1,8 km), région de l'Extreme-Nord
IC;Interactions des fondations et de sols karal et types de solutions de constructions : cas des travaux de construction de la fondation de l'immeuble R+1 devant servir au transit des enfants vulnerables et autonomisation de l'ong aldepa au quartier domayo a maroua
IC;Aménagement de l’espace gagne par la protection des berges de Mayo Kaliao
IC;Évaluation de la variation du temps d'imbibition du cbr d'un materiau : cas de la zone du projet Nkolessong – Nding
IC;Valorisation des matériaux locaux  dans la région de Tandjile au Tchad : projet de construction d'un centre culturel dans la ville de Kelo
IC;Contribution au dimensionnement de la couche de forme  sur la nationale n°1 : cas de la route Maroua-Mora du pk06 au pk13
IC;Conception, étude et dimensionnement d'un pont poutre mixte (ba + acier)
IC;Conception et dimensionnement des chaussées en béton compacte au rouleau bcr, cas du projet de réhabilitation du tronçon Doulek-Dakatak-Meri sur un linéaire de 11,5 km
IC;Étude d'analyse en régression linéaire multiple des matériaux d'emprunts et prédiction de cbr : cas des emprunts du projet Mengong – Sangmelima
IC;Projet de réhabilitation du tronçon carrefour total Domayo au carrefour Djarma
IC;Advanced modeling and simulation of structural horizontal elements : cas study of industrial pavement under different loads and implementation techniques 
IC;Conception, étude technique d'un amphi de 1000 places au campus de Ouro Tchede et proposition d'aménagement du site
IC;Utilisation des  matériaux locaux cas d'un duplex à usage d'habitation 
IC;Contribution à l'amélioration du confort thermique par un matériaux composite pour bâtiment à usage d'habitation : cas de Maroua 
IC;Étude technique de revetement d'une chaussée en bcr dans la ville de Garoua : cas du tronçon b4 : rond point Yelwa – Délégation tourisme
IC;Interventions de la géotechnique  dans le choix technique de la protection des berges du Mayo Kaliao (Extreme-Nord Cameroun)
IC;Conception et dimensionnement d'un pont sur le Mayo Gouloungou
IC;Assainissement des eaux pluviales en milieu urbain : cas de la commune de maroua 3eme
IC;Bitumage et assainissement d'une route : cas d'un tronçon de 8 km (pk0+00 - pk8+00) du projet Maroua-Bogo
IC;Projet d’exécution d’un bâtiment R+2 à usage de bureau administratif pour le compte  de la délégation de communication de Garoua 
IC;Conception et réalisation d'une unité d'habitation avec l'emploi d'une architecture bioclimatique 
IC;Conception d'un musée national à Maroua 
IC;Études technique en vue de la construction de la voirie urbaine : cas du tronçon Kotto-Logpom dans la ville de Douala
IC;An ideal approach to higway failures prevention
IC;Étude et suivi de la procédure d'exécution des travaux de réhabilitation et/ou  de construction des routes à Garoua cas du tronçon place des fêtes - pont Ngouloungoum
IC;Étude stato-dynamique d’une structure en béton arme d’un immeuble R+4  a N'djamena sis au quartier aérogare.
IC;Étude dynamique : analyse manuelle et numérique dans le cadre d'un bâtiment de type R+6 a usage mixte situe dans la ville de Douala - Cameroun
IC;Limites des études statiques lors du dimensionnement  des ouvrages en béton arme dans la zone du Septentrion : cas pratique d'un bâtiment R + 4 a usage d'habitation
IC;Approche multi critère d'aide au choix des matériaux de construction des bâtiments à usage d'habitation au Cameroun
IC;Valorisation et innovations des architectures traditionnelles de l'Extreme-Nord : cas de l’hôtel de ville de Moutourwa
IC;Étude technique et mise en œuvre d'une route en béton bitumineux et enduit superficiel tricouche : cas de l’aménagement des voies  de de desserte de l’Université Protestante d'Afrique centrale  a Yaoundé
IC;Valorisation des matériaux locaux dans la conception architecturale en milieu sahélien : conception d'une cite sic
IC;Étude de génie civil d'un amphi 1000 a structure mixte  pour le compte de l'ish de Yabassi
IC;Étude structurale d'un immeuble R+5 sur un sol gonflant
IC;Étude du confort thermique dans un bâtiment hospitalier en milieu sahélien :
IC;Renforcement des équipements sociaux-culturel au Cameroun : proposition d’un musée national dans la ville de maroua..
IC;Reconstruction de la route actuelle rond point prison-marche abattoir dans la ville de marouaa avec une couche de roulement en paves.
IC;Étude technique d'un pont en béton armé de 70ml en vue de remplacement du pont de Palar effondré le 31 août 2020
IC;Étude de réhabilitation de la route nationale no1 Ngaoundéré – Garoua tronçon total aéroport- rond point Mardock , longue de 4km.
IC;Conception et dimensionnement d’une tribune (acier et béton armé) à batseng'la ( petit village du groupement Bafou Cameroun)
IC;Amélioration des propriétés géotechniques d'un sol gonflant servant de support à une chaussée: cas de la route Maltam - Bbodo
IC;Écoconstruction : valorisation des matériaux locaux, pour améliorer le confort dans le bâtiment (R+1) dans la ville de Maroua
IC;Étude technique d'un bâtiment R+7 à usage hôtelier dans ville de Douala au lieu dit entrée Elecam Bonamoussadi
IC;Étude structural et dimensionnement d'un immeuble de type R+3 à usage de bureaux dans la ville de Yaoundé
IC;Valorisation et innovation des constructions collectives cas de la conception et de la construction des logements sociaux dePpolii
IC;Projet de construction d’un immeuble R+5 avec sous-sol dans la ville de Maroua à usage administratif
IC;Étude d'un hôpital ultra moderne 
IC;Projet de construction de l'hôtel de ville d'Ebolowa: études architecturales, techniques et administratives de deux bâtiments de type R+4 et R+2
IC;Études hydrologique et hydraulique et conception d’un ouvrage de franchissement : cas du pont d'Ouro-Tchede à Maroua
IC;La conception architecturale d'un centre culturel à N’Djamena au quartier Toukra.
IC;Procédés analytiques d’un édifice de type R+2 à usage éducatif dans la ville de Touboro
IC;Étude et dimensionnement de l’ensemble des infrastructures de la station de pesage : cas du projet de réhabilitation de la route bitumée Maroua-Mora
IC;Conception et dimensionnement d’une residence R+4 sol dans la ville de Yaoundé
IC;Dimensionnement des éléments porteurs d’un bâtiment bloc pédagogique R+1, extensible à R+3 à l’Université de Maroua.
IC;Exécution d'une route revêtue en enduits superficiels bicouche: cas de la voie contournement djunang (meka)-inter rn4 et djunang (lycée)-tocket (lycée technique canada)
IC;Réalisation d'un ouvrage hydraulique dans la ville de MORA (triple dalot avec mur de soutènement)
IC;Conception et calcul de structure d'une clinique pédiatrique 
IC;Valorisation des architectures traditionnelles de Kousseri : complexe commercial à Kousseri
IC;Étude structurale d’un bâtiment de type R+4 à usage habitation dans la ville de DOUALA
IC;Conception et étude technique d'un complexe hôtelier (R+5) 
IC;Optimisation énergétique du bâtiment en zone sahélienne : cas d’un bâtiment de type R+2 à usage d’habitation dans la ville de Maroua
IC;Conception d'un bâtiment r+4 avec ses intégrants confort thermique, énergie solaire passive et facilite de déplacements verticaux
IC;Étude, conception et dimensionnement d’un nouveau pont sur le Mayo Bonéyé à YAMSONGAH dans la province de Bongor (Tchad).
IC;Dimensionnement d’une structure de chaussée en béton bitumineux. Cas de l’axe carrefour SHELL-CSI DOUGOUI soit 1,6 km dans la commune de Maroua 3eme
IC;Étude technique en vue de l'aménagement et du bitumage des voiries de Mindif
IC;Étude de bitumage de route rural, avec l’utilisation de produit stabilisant con aid cbr /plus : cas de la route Saotchai Dacheka –Takreo- Yoldeo- Doukoula (20 km
IC;Paramètres qui influencent une chaussée reposant sur un sol gonflant : cas de la route KOUSSERI-LOGONE BIRNI
IC;Identité architecturale et développement durable au Cameroun : Conception/Dimensionnement d’un lieu de loisir et de repos dans l’arrondissement de DIBOMBARI DEPARTEMENT DU MOUNGO
IC;Études techniques et dimensionnements d’un pont BA de 120 ml pour le franchissement du mayo Limani situe a 20,4 km de Mora route Mora-Kourgui-Amchide, Département du Mayo Sava, région de l’extrême-nord
IC;Étude technique détaillée d'une gare routière et d'un réservoir en béton armé à BEKA (NGAOUNDERE)
IC;Impacts socio-environnementaux de l'extension du réseau d'éclairage public par des lampadaires solaires photovoltaïques dans la ville de Garoua.
IC;Analyse des impacts sanitaires des risques liés aux inondations dans la plaine du Logone: cas du village ARAINABA.
IC;Évaluation des impacts économiques de la régénération des écosystèmes dégradés dans le site de Gawel.
IC;Analyse des impacts des biefs sur la nature et le mieux-être des populations dans la commune de Meri: cas du canton de Wazang.
IC;Évaluation de la surveillance environnementale du projet de construction d’un centre directeur des opérations d’urgence a l’aéroport international de Maroua Salak.
IC;Contribution du système d'information géographique pour la gestion des zones à risques d’inondation : cas de Garoua 2eme.
IC;Dynamique du couvert végétal ligneux dans la réserve forestière de Kalfou.
IC;Évaluation des risques professionnels par la méthode AMDEC dans un projet de construction : cas de la construction d'un centre directeur des opérations d'urgences à l'aéroport de Maroua Salak.
IC;Audit environnemental et social du camp sic de cite verte Yaoundé.
IC;Évaluation d'impacts environnementaux et sociaux du projet de construction d'un centre directeur des opérations d'urgences a l’aéroport de Maroua Salak.
IC;Production et caractérisation du charbon actif pour le traitement d'eau de forage dans la ville de Douala : cas d'un forage du quartier Kotto.
IC;Valorisation des déchets d'abattoir industriels de Wakwa.
IC;Évaluation des impacts environnementaux et sociaux des travaux de réhabilitation des Pistes rurales Diguilao-Wibiwa-Tchatibali par le PRESIBALT
IC;Évaluation de la mise en œuvre du plan de gestion environnemental et social d'un projet de réhabilitation de 11,5 KM  de la piste rurale DOULEK-MERI par PRESIBALT.
IC;Impact socio-économique et environnementaux d'un Bief dans la commune de MINDIF.
IC;La gestion environnementale des boues de vidange des fosses septiques : cas de la commune de Mokolo.
IC;Traitement de la vinasse de canne à sucre et optimisation de la production de Biothanol d'une distillerie : cas de la distillerie NODISCAM à Mbandjock.
IC;Évaluation des sites reboisés dans la région de l'Extrême nord cas de la commune de Maroua 1er.
IC;Étude d’impact socio-environnemental de l'intervention du programme ASGIRAP dans les communautés rurales : cas du village Dolla.
IC;Contraintes et opportunités liées à l’accès à l’eau potable dans la région de l'Extrême-Nord cas de Lougueo.
IC;Analyse socio-économique des impacts liés à l'exploitation des carrières de pierres à l'Extrême nord Cameroun : cas des carrières de fortunes dans la commune de Maroua 1
IC;inondations et systèmes de drainage des eaux pluviales: cas de la commune de Maroua 1er.
IC;vulnérabilité et adaptation des populations en contexte d'inondation dans la commune de Maroua 2e: cas du quartier Doualaré.
IC;gestion des systèmes de drainage des eaux fluviales et la propagation des maladies hydriques dans la commune de Garoua 1 et 2
IC;Impact de l'installation des Énergies renouvelables sur le développement socio-économique, culturel et environnemental des populations rurales: cas de la commune de Zina dans le Logone et Chari 
IC;Proposition d'un plan de reboisement du site de Kongola.
IC;Optimisation de la stabilité des agents de mouture dans la poudre pressée
IC;Évaluation des risques environnementaux des produits phytosanitaires dans la zone maraîchère de Mokolo.
IC;Conception d'un foyer amélioré a base de briques de terre cuites et du ciment.
IC;Contribution des espaces verts dans l'atteinte des objectifs du développement durable dans la ville de Maroua. 
IC;Suivi et gestion des déchets du projet de construction du centre directeur des opérations d'urgences à l'Aéroport de Maroua Salak.
IC;Évaluation de l'environnement direct du site de construction de l'hôpital de référence de Garoua : risques, modification et réhabilitation.
IC;Contribution des écosystèmes dégradés réhabilités par la CBLT à la restauration des services écosystémiques dans la région de l'Extrême- nord Cameroun : cas des plantations d'agroforesterie de Salak et de Godola.
IC;Gestion des effluents liquides cas de Vitalia cosmetics.
IC;Analyse des impacts environnementaux et sociaux des travaux d'aménagement de 25hectares de petit périmètre irrigué villageois(PPIV) dans la localité de KATWAL, commune de Maroua 1er.
IC;Les contraintes liées à l'usage des produits organiques dans les cultures maraîchères urbaines et péri-urbaines dans la commune de Maroua 1er.
IC;Risques socio-sanitaires et situation des problèmes environnementaux sur l'assainissement des eaux usées: cas des caniveaux dans la ville de Garoua (voie E1, Lamida, Bachore, lycée technique) dans le cadre du programme CD2 urbain.
IC;Contributions à l'amélioration des déchets d'une station-service : cas de Tank ‘Oïl company S.A.
IC;Impact de la logistique des déchets sur la population: cas de la commune de Maroua 2e.
IC;Proposition d'une approche environnementale dans le projet d'insertion socio-économique dans le Département du mayo Tsanaga: cas de Koza.
IC;Déchets solides ménagers dans la ville de Maroua: de la collecte vers une économie circulaire.
IC;Suivi environnemental des travaux de reconstruction de la route nationale N°1  section WAZA-DABANGA
IC;Analyse des cendres issues de traitement thermique (incinération) de terre contaminées des hydrocarbures afin de la valoriser en intrants organiques.
IC;Techniques d'adaptation de l'agriculture familiale aux effets du changement climatique vulgarisées par le projet RePER.
IC;Lutte contre la Déforestation : vulgarisation du charbon vert dans la ville de Maroua 
IC;La résilience écologique de la biodiversité liée aux inondations et au changement de l’hydrologie de mare naturelle de Tchafa : Cas de la plaine Waza-Logone
IC;Groupement d’épargne et de crédit villageois dans les arrondissements de Kozo et Mozogo : Performance et résilience 
IC;Évaluation des tendances des ressources naturelles du 1er Janvier 1990 au 31 Décembre 2019 dans la zone de compétence du Comite inter-régional de lutte contre la sécheresse dans le Nord : ressources en eau et couvert végétal
IC;Les effets des activités anthropiques sur la réserve de ZAMAI
IC;Perception des problèmes environnementaux par la population : Cas de la prolifération des dépôts d’ordures ménagères dans la commune de Maroua 
IC;Production du charbon de bois et son impact sur l’écosystème forestier : cas de l’arrondissement de Logone Birni
IC;Diversité et distribution des oiseaux dans la zone urbaine de Maroua
IC;Stratégie d’amélioration de la surveillance et du suivi environnementaux sur les chantiers routiers
IC;Influence du système de drainage sur l’environnement humain et le paysage urbain dans la ville de Garoua 2
IC;Impact des potentialités économiques de domaine agropastoral dans la commune de Touloum Extrême- nord Cameroun 
IC;Gestion et valorisation des produits forestiers non ligneux
IC;Transfert des compétences aux Collectivités Territoriales Décentralisées dans le cadre de la gestion des ressources : cas de l’opération Sahel, Commune de Maroua 1er.
IC;Dynamique des parcs à Faidherbia dans la zone cotonnière du Cameroun : cas du village de Doukoula
IC;Aménagement de la digue de Maga : analyse des impacts sociaux économiques et environnementaux 
IC;Valorisation énergétique : Formation de briquettes à base de sciure, copeau et liant pour la commercialisation industrielle
IC;Proposition d’un plan de reboisement dans les 3 métropoles régionales (Maroua Garoua N’Gaoundéré) de la zone de compétence du comité inter-régional de lutte contre la sècheresse
IC;Évaluation des initiatives et pratiques locales de lutte contre la sécheresse et la désertification dans la zone de compétence du Comite inter-régional de lutte contre la sécheresse dans le Nord
IC;Évaluation des risques environnementaux du projet C2D -Garoua
IC;Impact socio-environnemental de l’urbanisation sur les espaces agricoles à Garoua 3
IC;Proposition d’un système d’alerte précoce sur la sécheresse et l’inondation dans la partie septentrionale du Cameroun
IC;Mise en place d’un système de réduction des risques environnementaux et sanitaires liés à la production et la mise en œuvre des enrobés par SOCOTCOG : Cas du tronçon routier 
IC;Contribution des établissements scolaires dans la préservation de l’environnement et la gestion durable de ressources naturelles dans la plaine du Logone : cas de Zina et Mazera
IC;Impacts écologiques de l’implantation de Azadirachta indica dans la commune de Guidiguis / Dégradation du Mayo dolé : évolution, causes, conséquences et aménagement
IC;Dynamique des parcs de Faidherbia dans la zone cotonnière du Cameroun : Cas du village de Doukoula). 
IC;Gestion des risques et catastrophes environnementales liées aux constructions routières : Évaluation du système mis en place sur l’autoroute
IC;Biofertilisants : Production, Bio-efficacité et vulgarisation
IC;Valorisation des fientes de volaille pour la production d’un biofertilisant
IC;Production des pavés à partir de la terre décolorante usée
IC;Fabrication du biocarburant a base du jatropha
IC;Valorisation phytosanitaire des extraits botaniques et protection de l’environnement : Mise sur pied d’une stratégie d’implication des maraichers de YAGOUA au processus 
IC;Toxicité des herbicides à base de glyphosate utilisés au Cameroun sur les alevins de poisson (Tilapia)
IC;Valorisation des Déchets en biogaz dans la ville de Mokolo : Cas des feuilles mortes de l’arbre de Senna siamea
IC;Évaluation des contaminants chimiques susceptibles d’influencer le bon fonctionnement d’une STEP dans une usine agroalimentaire : Cas de la SABC YDE
IC;Amélioration de la culture sécurité des entreprises sous- traitantes d’ENEO
IC;Approches d’éco résilience et gestion de l’aléa inondation dans la ville de Douala : Bassin versant du Tongo-bassa
IC;Optimisation de la station d’épuration par lagunage de la SOCAPALM : Cas du site de KIENKE (Sud- Cameroun)
IT;Mise en place d'un portail captif: cas du Labo INFOTEL
IT;Mise en place d'un système de couverture radio basé sur LoRa pour la communication entre bergers
IT;Conception d’un système d’automatisation de approvisionnement d’eau dans un chateau.
IT;Mise en place d’une solution de supervision en temps réels des flux réseau et l’utilisation de la bande passante : cas  de TRU GROUP
IT;Scan de vulnérabilité et proposition d'une politique de sécurité d'un site web : cas de l'ENSPM
IT;Développement  d'une  plateforme  mobile  de gestion immobilière : cas des logements
IT;Développement  d'une  application  mobile  du suivie des enseignants de l'ENSPM
IT;Développement  d’une  application  mobile  de vente de kilos pour les voyageurs aériens
IT;Conception et réalisation d’une application de gestion   des   pré-inscriptions   en   ligne   à l’ENSPM
IT;Développement  d'une  application  mobile  de gestion  et  suivi  des  ventes  dans  les  commerces
IT;RFID : conception d’un contrôle d’accès par badge.
IT;Proposition d’une solution VOIP pour la gestion des services á valeur ajoutées.
IT;Conception et réalisation d’un système d’arrossage automatique en fonction de la météo.
IT;Mise en place d’outils de détection de l’état de liaison faisceaux hertziens de Nexttel.
LSI;Développement d'une application mobile d'assistance populaire pharmaceutique.
IT;Réalisation  d’une mini serre agricole intelligente.
LSI;La conception et réalisation d'un site Web vitrine : cas du CMPJ de Mora.
IT;Étude de la planification du réseau national des télécommunications d’urgence
LSI;La gestion automatisée de la facturation et du paiement des locaux :Cas de la CUG.
IT;Mise en place d'un mini data center : cas de l'ENSPM
LSI;Conception et réalisation d'une plate- forme d'authentification en ligne de diplômes de l'ENSPM.
IT;Mise en place d’un système de sécurité dans un réseau d’entreprise basé sur les attaques les plus connues : cas de NEXTTEL_EXTREME NORD
IT;Développement   d'une   application   mobile d'aide à la recherche d'un objet perdu et personne égarée
IT;Conception  et  implémentation  d'une  plate- forme mobile de mise en relation des prestataires de services et Clients.
IT;Conception et réalisation d’une station de mesure sur le Cloud
IT;Mise en place d’une solution de prévention et d’atténuation des attaques DDOS
LSI;Déploiement d'une solution Odoo pour la gestion des projets et ou l'optimisation des processus métiers au sein d'une entreprise cas d' AGL SERVICES
IT;Conception et réalisation d’un système de geolocalisation  des engins base sur le module GSM
LSI;Développement d'une application de tracking et de contrôle à distance des véhicules associé au dispositif de sécurisation des véhicules Smart Car_
LSI;Déploiement d’un réseau d’accès filaire en utilisant la technologie FTTH : cas de la communauté urbaine de Maroua
IT;Développement  d’une  plateforme  mobile  de gestion  des  consultations  dans  les  hôpitaux  : Cas du Cameroun
IT;Mise en place du protocole de sécurité IPSec dans un réseau informatique : cas de l’entreprise AIR FORCES PICTURES.
IT;Mise en place d’un système de détection d’intrusion et de notification avec SNORT.
LSI;Mise en place d'un système de fichiers distribué: Cas de l'ENSPM
LSI;Thème : Mise en place d’une application de gestion des matériels du MINPOSTEL.
LSI;Mise en place d’ une application mobile d’enrôlement des bénéficiaires des projets: cas du CMPJ : Centre Multifonctionnel des  jeunes de Mora
IT;Étude et implémentation d’une interconnexion sécurisée de deux sites distants avec IPSec : cas de JIM’S SECURE
IT;Étude et dimensionnement d'une centrale à biogaz pour l'électrification de la localité de MAL DALARI
IT;Étude technique de l'approvisionnement de l’abattoir d' ETOUDI/Yaoundé en énergie électrique via la biométhanisation
IT;Étude et valorisation des déchets issus de la transformation des noix de palme d'une palmerais de 180 hectares aux environs d'EDEA
IT;Valorisation des cendres provenant de la combustion des coques au niveau de la chaudière de l'huilerie de Garoua DJAMBOUTOU
IT;Contribution à la valorisation énergétique de la paille de riz: production du bioethanol 
IT;Valorisation des déchets d'abattoir pour la production du biogaz et de biofertilisants: cas de l'abattoir municipale de DJOUNDE (Maroua)
IT;Valorisation des déchets en unité de cogénérateur pour le chauffage d'eau dans les brasseries de Yaoundé
IT;Valorisation d'huile de rejet de coton en biodiesel : cas de l'huilerie de la SODECOTON GAROUA
IT;Production des biocombustibles solides à base de la paille de riz
